Date,Open Price,High Price,Low Price,Close Price,WAP,No.of Shares,No. of Trades,Total Turnover (Rs.),Deliverable Quantity,% Deli. Qty to Traded Qty,Spread High-Low,Spread Close-Open
7-January-2021,3.06,3.06,3.06,3.06,3.060000000000000000,500,2,1530.00,500,100.00,0.00,0.00
6-January-2021,2.92,2.92,2.85,2.92,2.915818870935567524,5013,19,14617.00,5013,100.00,0.07,0.00
5-January-2021,2.79,2.79,2.79,2.79,2.789539227895392278,803,8,2240.00,803,100.00,0.00,0.00
4-January-2021,2.79,2.79,2.79,2.79,2.789223454833597464,1262,13,3520.00,1262,100.00,0.00,0.00
1-January-2021,2.80,2.80,2.66,2.66,2.780308596620132255,2722,7,7568.00,2710,99.56,0.14,-0.14
31-December-2020,2.80,2.80,2.80,2.80,2.798690671031096563,611,6,1710.00,611,100.00,0.00,0.00
30-December-2020,2.71,2.71,2.71,2.71,2.708609271523178807,453,3,1227.00,453,100.00,0.00,0.00
29-December-2020,2.83,2.83,2.82,2.82,2.822721598002496878,801,4,2261.00,801,100.00,0.01,-0.01
28-December-2020,2.91,2.91,2.71,2.71,2.842723004694835680,1704,10,4844.00,1704,100.00,0.20,-0.20
24-December-2020,2.78,2.80,2.78,2.78,2.781898454746136865,2265,8,6301.00,2265,100.00,0.02,0.00
23-December-2020,2.65,2.77,2.65,2.75,2.732337736932797242,1741,11,4757.00,1741,100.00,0.12,0.10
22-December-2020,2.67,2.67,2.65,2.65,2.652987326493663246,1657,10,4396.00,1657,100.00,0.02,-0.02
21-December-2020,2.75,2.75,2.75,2.75,2.749576988155668358,1773,9,4875.00,1773,100.00,0.00,0.00
18-December-2020,2.89,2.89,2.77,2.89,2.811320754716981132,1537,11,4321.00,1537,100.00,0.12,0.00
17-December-2020,2.92,2.92,2.78,2.91,2.834636199639206253,1663,13,4714.00,1663,100.00,0.14,-0.01
16-December-2020,2.92,2.92,2.92,2.92,2.919915254237288135,4720,11,13782.00,4720,100.00,0.00,0.00
15-December-2020,2.92,2.92,2.78,2.92,2.876057876057876057,3663,16,10535.00,3163,86.35,0.14,0.00
14-December-2020,2.92,2.92,2.92,2.92,2.919814061592097617,5163,20,15075.00,5163,100.00,0.00,0.00
11-December-2020,2.79,2.79,2.79,2.79,2.790000000000000000,100,2,279.00,100,100.00,0.00,0.00
10-December-2020,2.54,2.66,2.54,2.66,2.657364341085271317,645,11,1714.00,645,100.00,0.12,0.12
9-December-2020,2.32,2.54,2.32,2.54,2.376323387872954764,4156,16,9876.00,4156,100.00,0.22,0.22
8-December-2020,2.42,2.42,2.31,2.42,2.370165745856353591,543,18,1287.00,543,100.00,0.11,0.00
7-December-2020,2.31,2.31,2.31,2.31,2.310000000000000000,200,2,462.00,200,100.00,0.00,0.00
4-December-2020,2.30,2.30,2.30,2.30,2.299878197320341047,4105,9,9441.00,4105,100.00,0.00,0.00
3-December-2020,2.21,2.31,2.21,2.31,2.209433962264150943,530,6,1171.00,530,100.00,0.10,0.10
2-December-2020,2.39,2.39,2.20,2.20,2.200607902735562310,329,13,724.00,329,100.00,0.19,-0.19
1-December-2020,2.28,2.28,2.28,2.28,2.279952830188679245,4240,7,9667.00,4240,100.00,0.00,0.00
27-November-2020,2.18,2.18,2.18,2.18,2.179365079365079365,630,2,1373.00,630,100.00,0.00,0.00
26-November-2020,2.08,2.08,2.08,2.08,2.077551020408163265,245,4,509.00,245,100.00,0.00,0.00
25-November-2020,1.99,1.99,1.99,1.99,1.988405797101449275,345,2,686.00,345,100.00,0.00,0.00
24-November-2020,1.90,1.90,1.90,1.90,1.891089108910891089,101,2,191.00,101,100.00,0.00,0.00
23-November-2020,1.81,1.81,1.81,1.81,1.806666666666666666,150,2,271.00,150,100.00,0.00,0.00
20-November-2020,1.73,1.73,1.73,1.73,1.000000000000000000,1,1,1.00,1,100.00,0.00,0.00
19-November-2020,1.65,1.65,1.65,1.65,1.636363636363636363,11,3,18.00,11,100.00,0.00,0.00
18-November-2020,1.79,1.79,1.63,1.65,1.631229235880398671,602,4,982.00,602,100.00,0.16,-0.14
13-November-2020,1.71,1.71,1.71,1.71,1.707224334600760456,263,5,449.00,263,100.00,0.00,0.00
12-November-2020,1.80,1.80,1.80,1.80,1.777777777777777777,9,1,16.00,9,100.00,0.00,0.00
11-November-2020,1.80,1.80,1.80,1.80,1.800000000000000000,370,3,666.00,370,100.00,0.00,0.00
10-November-2020,1.85,1.85,1.85,1.85,1.847826086956521739,46,2,85.00,46,100.00,0.00,0.00
9-November-2020,1.81,1.90,1.81,1.85,1.892523364485981308,214,3,405.00,214,100.00,0.09,0.04
6-November-2020,1.81,1.81,1.81,1.81,1.000000000000000000,1,1,1.00,1,100.00,0.00,0.00
4-November-2020,1.90,1.90,1.90,1.90,1.500000000000000000,2,1,3.00,2,100.00,0.00,0.00
2-November-2020,1.90,1.90,1.90,1.90,1.899147727272727272,704,7,1337.00,704,100.00,0.00,0.00
30-October-2020,1.99,1.99,1.90,1.90,1.937500000000000000,48,4,93.00,48,100.00,0.09,-0.09
29-October-2020,2.09,2.09,1.99,1.99,2.044750430292598967,581,4,1188.00,321,55.25,0.10,-0.10
28-October-2020,2.19,2.19,2.09,2.09,2.096774193548387096,31,2,65.00,31,100.00,0.10,-0.10
27-October-2020,2.19,2.19,2.19,2.19,2.189781021897810218,137,5,300.00,137,100.00,0.00,0.00
26-October-2020,2.19,2.19,2.19,2.19,2.190000000000000000,300,2,657.00,300,100.00,0.00,0.00
23-October-2020,2.30,2.30,2.30,2.30,2.300000000000000000,200,2,460.00,200,100.00,0.00,0.00
22-October-2020,2.30,2.30,2.30,2.30,2.250000000000000000,8,2,18.00,8,100.00,0.00,0.00
20-October-2020,2.30,2.30,2.25,2.30,2.297810218978102189,685,6,1574.00,685,100.00,0.05,0.00
19-October-2020,2.32,2.32,2.30,2.30,2.305263157894736842,190,4,438.00,190,100.00,0.02,-0.02
16-October-2020,2.32,2.32,2.32,2.32,2.000000000000000000,2,1,4.00,2,100.00,0.00,0.00
15-October-2020,2.44,2.44,2.44,2.44,2.000000000000000000,2,1,4.00,2,100.00,0.00,0.00
14-October-2020,2.37,2.44,2.37,2.44,2.370235934664246823,551,5,1306.00,551,100.00,0.07,0.07
13-October-2020,2.49,2.49,2.49,2.49,2.000000000000000000,1,1,2.00,1,100.00,0.00,0.00
12-October-2020,2.49,2.49,2.49,2.49,2.480392156862745098,102,2,253.00,102,100.00,0.00,0.00
9-October-2020,2.50,2.50,2.49,2.49,2.491666666666666666,720,5,1794.00,720,100.00,0.01,-0.01
8-October-2020,2.50,2.50,2.50,2.50,2.500000000000000000,54,2,135.00,54,100.00,0.00,0.00
7-October-2020,2.30,2.50,2.30,2.50,2.490566037735849056,53,3,132.00,53,100.00,0.20,0.20
6-October-2020,2.74,2.74,2.50,2.50,2.501982160555004955,2018,6,5049.00,2018,100.00,0.24,-0.24
5-October-2020,2.74,2.74,2.74,2.74,2.740000000000000000,650,2,1781.00,650,100.00,0.00,0.00
1-October-2020,2.74,2.74,2.74,2.74,2.739562624254473161,1006,5,2756.00,1006,100.00,0.00,0.00
30-September-2020,2.74,2.74,2.74,2.74,2.000000000000000000,1,1,2.00,1,100.00,0.00,0.00
29-September-2020,2.33,2.79,2.33,2.79,2.431243124312431243,909,7,2210.00,708,77.89,0.46,0.46
28-September-2020,2.57,2.57,2.57,2.57,2.568888888888888888,225,3,578.00,225,100.00,0.00,0.00
25-September-2020,2.34,2.57,2.34,2.57,2.416389351081530782,2404,6,5809.00,2404,100.00,0.23,0.23
24-September-2020,2.35,2.60,2.34,2.34,2.343750000000000000,160,5,375.00,105,65.62,0.26,-0.01
23-September-2020,2.85,2.85,2.60,2.60,2.847555129434324065,1043,5,2970.00,1043,100.00,0.25,-0.25
22-September-2020,2.85,2.85,2.85,2.85,2.849686847599164926,1916,8,5460.00,1916,100.00,0.00,0.00
21-September-2020,2.80,2.80,2.60,2.60,2.748768472906403940,2030,12,5580.00,2020,99.51,0.20,-0.20
18-September-2020,2.80,2.80,2.52,2.80,2.641547861507128309,491,6,1297.00,491,100.00,0.28,0.00
17-September-2020,2.80,2.80,2.80,2.80,2.799746112345287210,3151,6,8822.00,3151,100.00,0.00,0.00
16-September-2020,2.90,2.90,2.50,2.80,2.780508121615993336,2401,8,6676.00,1776,73.97,0.40,-0.10
15-September-2020,2.75,2.75,2.75,2.75,2.750000000000000000,92,2,253.00,92,100.00,0.00,0.00
14-September-2020,2.26,2.75,2.26,2.75,2.673913043478260869,46,5,123.00,45,97.83,0.49,0.49
11-September-2020,2.44,2.96,2.44,2.50,2.836515825268114046,3823,12,10844.00,2924,76.48,0.52,0.06
10-September-2020,2.70,2.70,2.70,2.70,2.700000000000000000,20,1,54.00,20,100.00,0.00,0.00
9-September-2020,2.70,2.70,2.70,2.70,2.000000000000000000,1,1,2.00,1,100.00,0.00,0.00
8-September-2020,2.70,2.70,2.70,2.70,2.700000000000000000,1330,5,3591.00,1330,100.00,0.00,0.00
4-September-2020,2.70,2.70,2.55,2.70,2.587855297157622739,774,8,2003.00,774,100.00,0.15,0.00
3-September-2020,2.50,2.70,2.50,2.70,2.694630872483221476,298,4,803.00,298,100.00,0.20,0.20
2-September-2020,2.70,2.70,2.70,2.70,2.698818897637795275,508,4,1371.00,508,100.00,0.00,0.00
1-September-2020,2.88,2.88,2.70,2.70,2.702439024390243902,205,2,554.00,205,100.00,0.18,-0.18
31-August-2020,2.61,2.90,2.61,2.62,2.750120365912373615,2077,7,5712.00,2077,100.00,0.29,0.01
28-August-2020,2.90,2.90,2.90,2.90,2.899751861042183622,2015,3,5843.00,2015,100.00,0.00,0.00
27-August-2020,2.64,2.91,2.64,2.91,2.715417106652587117,5682,10,15429.00,5681,99.98,0.27,0.27
26-August-2020,2.98,2.98,2.71,2.92,2.946216955332725615,2194,10,6464.00,2083,94.94,0.27,-0.06
25-August-2020,2.72,2.99,2.51,2.98,2.820317899101589495,2894,12,8162.00,2066,71.39,0.48,0.26
24-August-2020,2.61,2.87,2.61,2.72,2.798126951092611862,961,10,2689.00,850,88.45,0.26,0.11
21-August-2020,2.90,2.90,2.61,2.61,2.899787685774946921,2355,12,6829.00,2355,100.00,0.29,-0.29
20-August-2020,2.90,2.90,2.61,2.90,2.897362110311750599,2085,9,6041.00,2070,99.28,0.29,0.00
19-August-2020,2.65,2.90,2.65,2.90,2.699236641221374045,1310,4,3536.00,1050,80.15,0.25,0.25
18-August-2020,2.61,3.00,2.61,2.65,2.835980036297640653,8816,14,25002.00,7316,82.99,0.39,0.04
17-August-2020,2.90,2.90,2.90,2.90,2.900000000000000000,10,1,29.00,10,100.00,0.00,0.00
14-August-2020,3.00,3.00,3.00,3.00,3.000000000000000000,300,2,900.00,300,100.00,0.00,0.00
13-August-2020,2.70,3.00,2.70,3.00,2.822646657571623465,733,7,2069.00,733,100.00,0.30,0.30
12-August-2020,3.00,3.00,2.70,3.00,2.919692737430167597,1432,8,4181.00,1432,100.00,0.30,0.00
11-August-2020,3.00,3.00,3.00,3.00,3.000000000000000000,1374,4,4122.00,1374,100.00,0.00,0.00
10-August-2020,3.04,3.04,3.00,3.00,3.007976298997265268,13164,22,39597.00,13164,100.00,0.04,-0.04
7-August-2020,3.04,3.04,2.50,3.04,2.914995715509854327,5835,10,17009.00,4835,82.86,0.54,0.00
6-August-2020,2.77,2.77,2.77,2.77,2.750000000000000000,48,4,132.00,48,100.00,0.00,0.00
5-August-2020,2.77,2.77,2.77,2.77,2.769958747876728949,8242,10,22830.00,8242,100.00,0.00,0.00
4-August-2020,2.77,2.77,2.77,2.77,2.769777356702984367,2111,4,5847.00,2111,100.00,0.00,0.00
3-August-2020,2.65,2.65,2.65,2.65,2.650000000000000000,200,2,530.00,200,100.00,0.00,0.00
31-July-2020,2.65,2.65,2.65,2.65,2.649843505477308294,2556,4,6773.00,2556,100.00,0.00,0.00
30-July-2020,2.66,2.66,2.66,2.66,2.655737704918032786,61,2,162.00,61,100.00,0.00,0.00
29-July-2020,2.66,2.66,2.66,2.66,2.660000000000000000,200,2,532.00,200,100.00,0.00,0.00
24-July-2020,2.80,2.80,2.80,2.80,2.800000000000000000,100,1,280.00,100,100.00,0.00,0.00
23-July-2020,2.89,2.89,2.66,2.85,2.739754098360655737,488,7,1337.00,401,82.17,0.23,-0.04
22-July-2020,2.53,2.79,2.53,2.79,2.533464566929133858,508,2,1287.00,508,100.00,0.26,0.26
21-July-2020,2.77,2.77,2.66,2.66,2.768518518518518518,540,9,1495.00,538,99.63,0.11,-0.11
20-July-2020,2.82,2.82,2.79,2.79,2.809478672985781990,1055,7,2964.00,1055,100.00,0.03,-0.03
17-July-2020,2.57,2.69,2.57,2.69,2.571194762684124386,611,4,1571.00,611,100.00,0.12,0.12
16-July-2020,2.57,2.57,2.57,2.57,2.569991704686851928,9644,8,24785.00,9644,100.00,0.00,0.00
15-July-2020,2.84,2.84,2.70,2.70,2.699975775193798449,8256,8,22291.00,8256,100.00,0.14,-0.14
14-July-2020,2.83,2.84,2.83,2.84,2.839215686274509803,510,2,1448.00,500,98.04,0.01,0.01
13-July-2020,2.90,2.90,2.70,2.72,2.831625183016105417,1366,6,3868.00,821,60.10,0.20,-0.18
10-July-2020,2.86,3.00,2.75,2.84,2.808190304125263474,23247,61,65282.00,20511,88.23,0.25,-0.02
9-July-2020,2.90,3.01,2.85,2.89,2.863814866760168302,21390,91,61257.00,17960,83.96,0.16,-0.01
8-July-2020,3.00,3.00,2.87,3.00,2.997942478865679652,22357,35,67025.00,18637,83.36,0.13,0.00
7-July-2020,2.85,2.94,2.67,2.86,2.878941615624162181,48489,47,139597.00,39474,81.41,0.27,0.01
6-July-2020,2.91,2.91,2.65,2.80,2.767424849350377930,28709,43,79450.00,23509,81.89,0.26,-0.11
3-July-2020,2.66,2.79,2.53,2.78,2.738440909931570186,21628,29,59227.00,20996,97.08,0.26,0.12
2-July-2020,2.92,2.92,2.66,2.66,2.729313353794307034,99702,59,272118.00,75240,75.46,0.26,-0.26
1-July-2020,2.75,2.79,2.75,2.79,2.778122356921341979,3547,8,9854.00,2547,71.81,0.04,0.04
30-June-2020,2.86,2.86,2.60,2.66,2.784348978046934140,10568,23,29425.00,6804,64.38,0.26,-0.20
29-June-2020,2.85,2.85,2.71,2.73,2.775574847489441576,8524,20,23659.00,6306,73.98,0.14,-0.12
26-June-2020,3.00,3.00,2.85,2.85,2.920034149117814456,7028,19,20522.00,7028,100.00,0.15,-0.15
25-June-2020,3.05,3.05,2.80,3.00,2.912039582188015393,10914,40,31782.00,8626,79.04,0.25,-0.05
24-June-2020,2.66,2.94,2.66,2.94,2.712735782158559069,14102,35,38255.00,10662,75.61,0.28,0.28
23-June-2020,2.57,2.83,2.57,2.80,2.802739441734979765,9637,25,27010.00,9377,97.30,0.26,0.23
22-June-2020,2.91,2.91,2.70,2.70,2.719737809360450869,16324,33,44397.00,15704,96.20,0.21,-0.21
19-June-2020,2.91,3.04,2.77,2.84,2.833453887884267631,11060,32,31338.00,8200,74.14,0.27,-0.07
18-June-2020,2.91,2.95,2.91,2.91,2.928705617133195566,10646,10,31179.00,10646,100.00,0.04,0.00
17-June-2020,2.69,2.91,2.69,2.91,2.789867789867789867,17094,13,47690.00,17094,100.00,0.22,0.22
16-June-2020,2.97,2.97,2.70,2.79,2.908355350066050198,6056,17,17613.00,5396,89.10,0.27,-0.18
15-June-2020,2.83,2.83,2.83,2.83,2.829973164522122067,14533,18,41128.00,14533,100.00,0.00,0.00
12-June-2020,2.82,2.82,2.70,2.70,2.810810810810810810,259,5,728.00,245,94.59,0.12,-0.12
11-June-2020,2.85,2.99,2.71,2.83,2.944173199787964177,35843,28,105528.00,33083,92.30,0.28,-0.02
10-June-2020,2.85,2.98,2.85,2.85,2.871758793969849246,4975,11,14287.00,4975,100.00,0.13,0.00
9-June-2020,3.10,3.15,3.00,3.00,3.074906367041198501,801,9,2463.00,701,87.52,0.15,-0.10
8-June-2020,3.20,3.25,3.10,3.15,3.213652482269503546,2256,8,7250.00,2131,94.46,0.15,-0.05
5-June-2020,3.00,3.15,2.85,3.11,3.103953646898432174,2934,10,9107.00,2534,86.37,0.30,0.11
4-June-2020,2.95,3.05,2.95,3.00,2.999612403100775193,5160,19,15478.00,5130,99.42,0.10,0.05
3-June-2020,3.19,3.34,3.04,3.10,3.130576070901033973,3385,31,10597.00,2455,72.53,0.30,-0.09
2-June-2020,3.19,3.19,3.01,3.19,3.121250000000000000,3200,16,9988.00,2300,71.88,0.18,0.00
1-June-2020,3.00,3.04,2.96,3.04,3.027262507026419336,3558,15,10771.00,3467,97.44,0.08,0.04
29-May-2020,2.82,2.94,2.82,2.90,2.907420494699646643,1415,8,4114.00,1415,100.00,0.12,0.08
28-May-2020,2.54,2.80,2.54,2.80,2.667890057907185384,12261,19,32711.00,6361,51.88,0.26,0.26
27-May-2020,2.67,2.67,2.67,2.67,2.668699186991869918,492,8,1313.00,492,100.00,0.00,0.00
26-May-2020,2.81,2.81,2.81,2.81,2.809224318658280922,477,5,1340.00,477,100.00,0.00,0.00
22-May-2020,2.95,3.05,2.95,2.95,2.950000000000000000,1160,5,3422.00,1155,99.57,0.10,0.00
21-May-2020,3.04,3.10,3.04,3.10,3.051282051282051282,234,6,714.00,190,81.20,0.06,0.06
20-May-2020,3.20,3.20,3.20,3.20,3.200000000000000000,100,2,320.00,100,100.00,0.00,0.00
19-May-2020,3.30,3.30,3.20,3.20,3.218369259606373008,2134,17,6868.00,2134,100.00,0.10,-0.10
18-May-2020,3.11,3.20,3.11,3.15,3.139440203562340966,3930,18,12338.00,2930,74.55,0.09,0.04
15-May-2020,3.10,3.15,2.97,3.11,3.090762620837808807,1862,22,5755.00,1241,66.65,0.18,0.01
14-May-2020,3.09,3.09,3.00,3.05,3.025465230166503428,4084,20,12356.00,3880,95.00,0.09,-0.04
13-May-2020,2.90,3.05,2.90,2.96,2.913306451612903225,496,11,1445.00,446,89.92,0.15,0.06
12-May-2020,3.05,3.05,3.05,3.05,3.049981067777357061,7923,11,24165.00,7923,100.00,0.00,0.00
8-May-2020,3.05,3.05,3.05,3.05,3.050000000000000000,200,1,610.00,200,100.00,0.00,0.00
7-May-2020,3.05,3.05,3.05,3.05,3.045454545454545454,22,2,67.00,22,100.00,0.00,0.00
6-May-2020,3.05,3.05,3.05,3.05,3.046666666666666666,150,1,457.00,150,100.00,0.00,0.00
5-May-2020,3.05,3.05,3.05,3.05,3.040000000000000000,25,2,76.00,25,100.00,0.00,0.00
4-May-2020,3.05,3.05,3.05,3.05,3.000000000000000000,5,1,15.00,5,100.00,0.00,0.00
30-April-2020,3.05,3.05,3.05,3.05,3.040000000000000000,75,3,228.00,75,100.00,0.00,0.00
28-April-2020,3.05,3.05,3.05,3.05,3.045454545454545454,154,3,469.00,154,100.00,0.00,0.00
27-April-2020,3.05,3.05,3.05,3.05,3.050000000000000000,100,1,305.00,100,100.00,0.00,0.00
24-April-2020,3.05,3.05,3.05,3.05,3.049900199600798403,501,5,1528.00,501,100.00,0.00,0.00
23-April-2020,2.95,2.95,2.95,2.95,2.949019607843137254,510,8,1504.00,510,100.00,0.00,0.00
22-April-2020,2.95,2.95,2.95,2.95,2.947115384615384615,208,6,613.00,208,100.00,0.00,0.00
21-April-2020,2.95,3.00,2.95,2.95,2.964539007092198581,846,8,2508.00,846,100.00,0.05,0.00
20-April-2020,2.95,2.95,2.92,2.95,2.937500000000000000,160,6,470.00,160,100.00,0.03,0.00
16-April-2020,3.07,3.07,2.95,3.07,3.068376068376068376,585,5,1795.00,584,99.83,0.12,0.00
15-April-2020,3.07,3.07,3.07,3.07,3.069544364508393285,2085,5,6400.00,2085,100.00,0.00,0.00
13-April-2020,3.23,3.23,3.07,3.07,3.092043681747269890,641,5,1982.00,641,100.00,0.16,-0.16
9-April-2020,3.23,3.23,3.23,3.23,3.229911751045053413,2153,9,6954.00,2122,98.56,0.00,0.00
8-April-2020,3.39,3.39,3.39,3.39,3.388461538461538461,260,7,881.00,260,100.00,0.00,0.00
7-April-2020,3.45,3.45,3.45,3.45,3.449180327868852459,305,4,1052.00,305,100.00,0.00,0.00
30-March-2020,3.52,3.52,3.52,3.52,3.516666666666666666,120,2,422.00,120,100.00,0.00,0.00
27-March-2020,3.59,3.59,3.59,3.59,3.590000000000000000,2000,2,7180.00,2000,100.00,0.00,0.00
26-March-2020,3.66,3.66,3.66,3.66,3.655172413793103448,145,3,530.00,145,100.00,0.00,0.00
25-March-2020,3.73,3.73,3.73,3.73,3.730000000000000000,200500,5,747865.00,200500,100.00,0.00,0.00
23-March-2020,3.80,3.80,3.80,3.80,3.800000000000000000,50,1,190.00,50,100.00,0.00,0.00
19-March-2020,3.80,3.80,3.80,3.80,3.796610169491525423,59,3,224.00,59,100.00,0.00,0.00
9-March-2020,3.80,3.80,3.80,3.80,3.800000000000000000,150,1,570.00,150,100.00,0.00,0.00
6-March-2020,3.87,3.87,3.87,3.87,3.000000000000000000,1,1,3.00,1,100.00,0.00,0.00
3-March-2020,3.87,3.87,3.87,3.87,3.868627450980392156,510,3,1973.00,510,100.00,0.00,0.00
2-March-2020,3.87,3.87,3.87,3.87,3.000000000000000000,1,1,3.00,1,100.00,0.00,0.00
28-February-2020,3.87,3.87,3.87,3.87,3.870000000000000000,2000,4,7740.00,2000,100.00,0.00,0.00
25-February-2020,3.87,3.87,3.87,3.87,3.666666666666666666,3,1,11.00,3,100.00,0.00,0.00
24-February-2020,3.87,3.87,3.87,3.87,3.865079365079365079,126,4,487.00,126,100.00,0.00,0.00
20-February-2020,3.87,3.87,3.87,3.87,3.866666666666666666,30,1,116.00,30,100.00,0.00,0.00
19-February-2020,3.87,3.87,3.87,3.87,3.862068965517241379,29,4,112.00,28,96.55,0.00,0.00
18-February-2020,3.94,3.94,3.87,3.87,3.846153846153846153,26,3,100.00,25,96.15,0.07,-0.07
17-February-2020,3.94,3.94,3.94,3.94,3.938864628820960698,229,10,902.00,229,100.00,0.00,0.00
14-February-2020,3.88,3.88,3.88,3.88,3.666666666666666666,3,3,11.00,3,100.00,0.00,0.00
13-February-2020,4.08,4.08,3.95,3.95,4.073853989813242784,1178,5,4799.00,1125,95.50,0.13,-0.13
12-February-2020,3.94,4.00,3.94,4.00,3.950000000000000000,480,6,1896.00,480,100.00,0.06,0.06
11-February-2020,3.94,3.94,3.94,3.94,3.939700916546068499,2073,19,8167.00,2073,100.00,0.00,0.00
10-February-2020,3.87,3.87,3.87,3.87,3.868589743589743589,312,5,1207.00,312,100.00,0.00,0.00
3-February-2020,3.80,3.80,3.80,3.80,3.800000000000000000,100,1,380.00,100,100.00,0.00,0.00
1-February-2020,3.80,3.87,3.80,3.87,3.864978902953586497,948,8,3664.00,948,100.00,0.07,0.07
31-January-2020,3.80,3.80,3.80,3.80,3.000000000000000000,1,1,3.00,1,100.00,0.00,0.00
28-January-2020,3.81,3.81,3.81,3.81,3.802816901408450704,71,2,270.00,71,100.00,0.00,0.00
27-January-2020,3.88,3.88,3.88,3.88,3.879041916167664670,835,8,3239.00,835,100.00,0.00,0.00
24-January-2020,3.95,3.95,3.95,3.95,3.950000000000000000,60,2,237.00,60,100.00,0.00,0.00
23-January-2020,4.03,4.03,4.03,4.03,4.000000000000000000,1,1,4.00,1,100.00,0.00,0.00
21-January-2020,4.11,4.11,4.11,4.11,4.100000000000000000,30,2,123.00,30,100.00,0.00,0.00
20-January-2020,4.19,4.19,4.19,4.19,4.187096774193548387,310,6,1298.00,310,100.00,0.00,0.00
17-January-2020,4.41,4.41,4.41,4.41,4.408602150537634408,93,4,410.00,93,100.00,0.00,0.00
16-January-2020,4.64,4.64,4.64,4.64,4.639843332739896742,5617,7,26062.00,5617,100.00,0.00,0.00
15-January-2020,4.88,4.88,4.88,4.88,4.878453038674033149,181,7,883.00,181,100.00,0.00,0.00
14-January-2020,5.13,5.13,5.13,5.13,5.119047619047619047,84,8,430.00,84,100.00,0.00,0.00
13-January-2020,5.40,5.40,5.40,5.40,5.398373983739837398,246,3,1328.00,246,100.00,0.00,0.00
10-January-2020,5.68,5.68,5.68,5.68,5.679833679833679833,962,6,5464.00,962,100.00,0.00,0.00
9-January-2020,5.97,5.97,5.97,5.97,5.968750000000000000,608,5,3629.00,608,100.00,0.00,0.00
8-January-2020,6.28,6.28,6.28,6.28,6.000000000000000000,1,1,6.00,1,100.00,0.00,0.00
7-January-2020,6.61,6.61,6.61,6.61,6.600000000000000000,10,2,66.00,10,100.00,0.00,0.00
6-January-2020,6.95,7.67,6.95,6.95,6.950599954957550109,190931,50,1327085.00,190721,99.89,0.72,0.00
3-January-2020,7.31,7.31,7.31,7.31,7.300000000000000000,20,1,146.00,20,100.00,0.00,0.00
19-December-2019,7.69,7.69,7.69,7.69,7.666666666666666666,27,4,207.00,27,100.00,0.00,0.00
18-December-2019,8.09,8.09,8.09,8.09,8.000000000000000000,3,1,24.00,3,100.00,0.00,0.00
11-December-2019,8.51,8.51,8.51,8.51,8.500000000000000000,2,2,17.00,2,100.00,0.00,0.00
3-December-2019,8.95,8.95,8.95,8.95,8.923076923076923076,13,1,116.00,13,100.00,0.00,0.00
2-December-2019,8.55,8.95,8.55,8.95,8.875000000000000000,8,2,71.00,8,100.00,0.40,0.40
14-November-2019,9.00,9.00,9.00,9.00,9.000000000000000000,2,1,18.00,2,100.00,0.00,0.00
13-November-2019,9.50,9.50,9.05,9.05,9.090909090909090909,11,3,100.00,11,100.00,0.45,-0.45
11-November-2019,9.80,9.80,9.50,9.50,9.725000000000000000,40,4,389.00,40,100.00,0.30,-0.30
18-October-2019,10.00,10.00,10.00,10.00,10.000000000000000000,20,2,200.00,20,100.00,0.00,0.00
15-October-2019,10.00,10.00,10.00,10.00,10.000000000000000000,1,1,10.00,1,100.00,0.00,0.00
9-October-2019,10.00,10.00,10.00,10.00,10.000000000000000000,1,1,10.00,1,100.00,0.00,0.00
27-September-2019,10.00,10.00,10.00,10.00,10.000000000000000000,2800,1,28000.00,2800,100.00,0.00,0.00
17-September-2019,9.60,10.08,9.60,9.60,9.785714285714285714,126,10,1233.00,125,99.21,0.48,0.00
13-September-2019,9.60,9.60,9.60,9.60,9.000000000000000000,1,1,9.00,1,100.00,0.00,0.00
12-September-2019,9.65,9.65,9.65,9.65,9.000000000000000000,1,1,9.00,1,100.00,0.00,0.00
11-September-2019,10.11,10.11,9.65,9.65,9.678571428571428571,112,4,1084.00,111,99.11,0.46,-0.46
9-September-2019,10.11,10.11,10.11,10.11,10.090909090909090909,11,1,111.00,11,100.00,0.00,0.00
30-August-2019,10.11,10.11,10.11,10.11,10.000000000000000000,1,1,10.00,1,100.00,0.00,0.00
22-August-2019,11.00,11.00,10.11,10.11,10.994724025974025974,4928,4,54182.00,4928,100.00,0.89,-0.89
21-August-2019,11.20,11.25,10.64,10.64,11.117481824190350297,6052,49,67283.00,6052,100.00,0.61,-0.56
20-August-2019,10.50,11.50,10.50,11.20,11.396691111762980346,85225,21,971283.00,85225,100.00,1.00,0.70
19-August-2019,11.00,11.40,11.00,11.02,11.015506329113924050,15800,5,174045.00,15800,100.00,0.40,0.02
16-August-2019,11.00,11.00,11.00,11.00,11.000000000000000000,8,1,88.00,8,100.00,0.00,0.00
14-August-2019,10.93,11.25,10.93,11.25,11.237692307692307692,2600,2,29218.00,2600,100.00,0.32,0.32
13-August-2019,10.50,10.95,10.50,10.93,10.924321086261980830,5008,3,54709.00,5008,100.00,0.45,0.43
9-August-2019,10.50,10.50,10.50,10.50,10.500000000000000000,5000,1,52500.00,5000,100.00,0.00,0.00
7-August-2019,10.00,10.00,10.00,10.00,10.000000000000000000,4,1,40.00,4,100.00,0.00,0.00
16-July-2019,10.00,10.00,10.00,10.00,10.000000000000000000,10,1,100.00,10,100.00,0.00,0.00
15-July-2019,10.00,10.00,10.00,10.00,10.000000000000000000,18,2,180.00,18,100.00,0.00,0.00
10-July-2019,10.00,10.00,10.00,10.00,10.000000000000000000,5,1,50.00,5,100.00,0.00,0.00
9-July-2019,10.00,10.00,10.00,10.00,10.000000000000000000,6,1,60.00,6,100.00,0.00,0.00
5-July-2019,10.00,10.00,10.00,10.00,10.000000000000000000,21,2,210.00,21,100.00,0.00,0.00
25-June-2019,10.00,10.00,10.00,10.00,10.000000000000000000,20000,2,200000.00,20000,100.00,0.00,0.00
21-June-2019,9.98,9.98,9.98,9.98,9.909090909090909090,11,2,109.00,11,100.00,0.00,0.00
20-June-2019,10.50,10.50,10.50,10.50,10.500000000000000000,50,1,525.00,50,100.00,0.00,0.00
19-June-2019,10.90,10.90,10.90,10.90,10.900000000000000000,44500,15,485050.00,44500,100.00,0.00,0.00
18-June-2019,11.00,11.00,11.00,11.00,11.000000000000000000,11,2,121.00,11,100.00,0.00,0.00
17-June-2019,11.00,11.00,11.00,11.00,11.000000000000000000,26000,3,286000.00,26000,100.00,0.00,0.00
14-June-2019,11.31,11.31,11.31,11.31,11.310000000000000000,26000,4,294060.00,26000,100.00,0.00,0.00
13-June-2019,11.90,11.90,11.90,11.90,11.900000000000000000,19600,2,233240.00,19600,100.00,0.00,0.00
12-June-2019,12.50,12.50,11.88,11.88,12.376334832779190299,51130,7,632802.00,51130,100.00,0.62,-0.62
11-June-2019,12.00,12.50,12.00,12.50,12.290404040404040404,39600,2,486700.00,39600,100.00,0.50,0.50
10-June-2019,11.40,12.50,11.40,12.50,11.400343642611683848,32010,8,364925.00,32010,100.00,1.10,1.10
4-June-2019,11.40,12.00,11.40,12.00,11.411880000000000000,50000,12,570594.00,50000,100.00,0.60,0.60
31-May-2019,11.21,12.00,11.21,12.00,11.999760000000000000,25000,3,299994.00,25000,100.00,0.79,0.79
29-May-2019,11.80,11.80,11.80,11.80,11.799607072691552062,509,2,6006.00,509,100.00,0.00,0.00
27-May-2019,12.42,12.42,12.42,12.42,12.420000000000000000,500,1,6210.00,500,100.00,0.00,0.00
21-May-2019,13.07,13.07,13.07,13.07,13.000000000000000000,2,1,26.00,2,100.00,0.00,0.00
15-May-2019,12.90,12.90,12.45,12.45,12.453265044814340588,781,3,9726.00,781,100.00,0.45,-0.45
8-May-2019,12.30,12.30,12.30,12.30,12.000000000000000000,3,1,36.00,3,100.00,0.00,0.00
2-May-2019,12.30,12.30,12.30,12.30,12.222222222222222222,9,1,110.00,9,100.00,0.00,0.00
16-April-2019,11.72,11.72,11.72,11.72,11.720000000000000000,100,1,1172.00,100,100.00,0.00,0.00
15-April-2019,11.17,11.17,11.17,11.17,11.130434782608695652,23,1,256.00,23,100.00,0.00,0.00
11-April-2019,10.64,10.64,10.64,10.64,10.625000000000000000,16,2,170.00,16,100.00,0.00,0.00
9-April-2019,11.20,11.20,11.20,11.20,11.200000000000000000,5,1,56.00,5,100.00,0.00,0.00
8-April-2019,11.78,11.78,11.78,11.78,11.780000000000000000,50,1,589.00,50,100.00,0.00,0.00
5-April-2019,12.40,12.40,12.40,12.40,12.285714285714285714,7,1,86.00,7,100.00,0.00,0.00
4-April-2019,12.55,12.55,12.55,12.55,12.500000000000000000,4,1,50.00,4,100.00,0.00,0.00
3-April-2019,13.21,13.21,13.21,13.21,13.181818181818181818,22,1,290.00,22,100.00,0.00,0.00
29-March-2019,13.90,13.90,13.90,13.90,13.899992310797562522,104042,1,1446183.00,104042,100.00,0.00,0.00
27-March-2019,14.60,14.60,14.60,14.60,14.598039215686274509,102,2,1489.00,102,100.00,0.00,0.00
26-March-2019,15.35,15.35,15.35,15.35,15.350000000000000000,1000,1,15350.00,1000,100.00,0.00,0.00
25-March-2019,16.95,16.95,16.15,16.15,16.550000000000000000,2000,2,33100.00,2000,100.00,0.80,-0.80
22-March-2019,16.95,16.95,16.95,16.95,16.900000000000000000,10,1,169.00,10,100.00,0.00,0.00
20-March-2019,18.75,18.75,17.80,17.80,18.400000000000000000,15,2,276.00,15,100.00,0.95,-0.95
14-March-2019,18.70,18.70,18.70,18.70,18.600000000000000000,5,1,93.00,5,100.00,0.00,0.00
13-March-2019,19.65,19.65,19.65,19.65,19.000000000000000000,1,1,19.00,1,100.00,0.00,0.00
12-March-2019,20.65,20.65,20.65,20.65,20.636363636363636363,11,2,227.00,11,100.00,0.00,0.00
8-March-2019,21.70,21.70,21.70,21.70,21.500000000000000000,2,1,43.00,2,100.00,0.00,0.00
7-March-2019,22.80,22.80,22.80,22.80,22.800000000000000000,5,1,114.00,5,100.00,0.00,0.00
5-March-2019,24.00,24.00,24.00,24.00,24.000000000000000000,10,1,240.00,10,100.00,0.00,0.00
27-February-2019,24.50,24.50,24.50,24.50,24.500000000000000000,10,1,245.00,10,100.00,0.00,0.00
21-February-2019,25.75,25.75,25.75,25.75,25.750000000000000000,4,2,103.00,4,100.00,0.00,0.00
1-February-2019,27.20,27.20,27.10,27.10,27.199851961509992598,2702,2,73494.00,2702,100.00,0.10,-0.10
29-January-2019,27.30,27.30,27.30,27.30,27.000000000000000000,2,1,54.00,2,100.00,0.00,0.00
28-January-2019,27.30,27.30,27.30,27.30,27.000000000000000000,1,1,27.00,1,100.00,0.00,0.00
18-January-2019,29.50,29.50,28.00,28.00,29.016264093291303254,155127,3,4501206.00,155127,100.00,1.50,-1.50
17-January-2019,31.40,31.40,28.50,28.90,28.676002546148949713,1571,14,45050.00,1571,100.00,2.90,-2.50
16-January-2019,30.15,30.15,27.40,30.00,29.999260739260739260,50050,3,1501463.00,50050,100.00,2.75,-0.15
15-January-2019,26.10,28.80,26.10,28.80,28.560707803992740471,55100,4,1573695.00,55100,100.00,2.70,2.70
10-January-2019,27.45,27.45,27.45,27.45,27.450000000000000000,20,1,549.00,20,100.00,0.00,0.00
9-January-2019,28.85,28.85,28.85,28.85,28.848303393213572854,501,2,14453.00,501,100.00,0.00,0.00
8-January-2019,31.50,31.50,30.35,30.35,31.260869565217391304,23,5,719.00,23,100.00,1.15,-1.15
7-January-2019,31.90,32.10,31.20,31.90,31.886861991496314450,107718,60,3434789.00,74532,69.19,0.90,0.00
4-January-2019,31.50,31.90,31.25,31.45,31.641308659674714139,143689,32,4546508.00,91386,63.60,0.65,-0.05
3-January-2019,31.40,31.95,31.00,31.40,31.531516002269886036,234373,284,7390136.00,119461,50.97,0.95,0.00
2-January-2019,31.00,31.80,31.00,31.20,31.196024393104257065,51162,51,1596051.00,24371,47.63,0.80,0.20
1-January-2019,30.00,30.85,29.20,30.85,30.554376066717877863,381427,151,11654264.00,64417,16.89,1.65,0.85
31-December-2018,29.95,29.95,28.50,29.40,29.332518665335379938,67103,51,1968300.00,34026,50.71,1.45,-0.55
28-December-2018,30.75,30.75,29.25,29.95,30.001885465455579331,66827,76,2004936.00,22301,33.37,1.50,-0.80
27-December-2018,30.65,30.65,29.20,29.65,30.121489296245995002,133271,131,4014321.00,50772,38.10,1.45,-1.00
26-December-2018,29.20,29.55,29.10,29.30,29.368892571849113240,345133,124,10136174.00,139320,40.37,0.45,0.10
24-December-2018,27.35,28.15,27.35,28.15,27.788313896795796766,380469,97,10572592.00,136176,35.79,0.80,0.80
21-December-2018,26.70,26.85,24.35,26.85,26.738156843128122861,347838,106,9300547.00,157989,45.42,2.50,0.15
20-December-2018,25.60,25.60,25.20,25.60,25.465998114829231052,385111,67,9807236.00,138350,35.92,0.40,0.00
19-December-2018,24.40,24.40,24.30,24.40,24.383413990321161460,4546,14,110847.00,2136,46.99,0.10,0.00
18-December-2018,22.90,23.25,22.55,23.25,23.134429791648994133,306502,67,7090749.00,206402,67.34,0.70,0.35
17-December-2018,22.00,22.25,22.00,22.15,22.088000000000000000,125,4,2761.00,125,100.00,0.25,0.15
13-December-2018,21.50,21.50,21.50,21.50,21.500000000000000000,10,1,215.00,10,100.00,0.00,0.00
12-December-2018,20.80,21.50,20.80,21.00,20.940540540540540540,370,8,7748.00,370,100.00,0.70,0.20
11-December-2018,20.70,21.00,20.70,20.80,20.770000000000000000,400,8,8308.00,400,100.00,0.30,0.10
10-December-2018,20.50,21.00,20.50,20.70,20.642857142857142857,350,5,7225.00,350,100.00,0.50,0.20
7-December-2018,19.95,21.00,19.95,20.50,20.732087227414330218,642,11,13310.00,642,100.00,1.05,0.55
26-November-2018,21.00,21.00,21.00,21.00,21.000000000000000000,2,1,42.00,2,100.00,0.00,0.00
19-November-2018,21.85,21.85,21.85,21.85,21.840000000000000000,50,1,1092.00,50,100.00,0.00,0.00
16-November-2018,22.95,22.95,22.95,22.95,22.941176470588235294,85,2,1950.00,85,100.00,0.00,0.00
15-November-2018,24.15,24.15,24.15,24.15,24.000000000000000000,5,1,120.00,5,100.00,0.00,0.00
23-October-2018,25.40,25.40,25.40,25.40,25.400000000000000000,10,1,254.00,10,100.00,0.00,0.00
16-October-2018,26.70,26.70,26.70,26.70,26.666666666666666666,21,1,560.00,21,100.00,0.00,0.00
15-October-2018,26.70,26.70,26.70,26.70,26.000000000000000000,1,1,26.00,1,100.00,0.00,0.00
26-September-2018,25.60,25.90,25.30,25.45,25.587668593448940269,519,10,13280.00,519,100.00,0.60,-0.15
25-September-2018,25.60,25.70,25.00,25.70,25.081967213114754098,3050,15,76500.00,3050,100.00,0.70,0.10
24-September-2018,25.90,25.90,25.50,25.50,25.633333333333333333,450,5,11535.00,450,100.00,0.40,-0.40
12-September-2018,25.95,25.95,25.95,25.95,25.000000000000000000,1,1,25.00,1,100.00,0.00,0.00
5-September-2018,27.00,27.00,26.45,26.45,26.760368663594470046,434,7,11614.00,434,100.00,0.55,-0.55
31-August-2018,25.85,26.80,25.85,26.80,25.899285714285714285,1400,7,36259.00,1400,100.00,0.95,0.95
21-August-2018,26.35,26.35,26.35,26.35,26.000000000000000000,1,1,26.00,1,100.00,0.00,0.00
20-August-2018,26.85,26.85,26.85,26.85,26.841584158415841584,101,2,2711.00,101,100.00,0.00,0.00
10-August-2018,27.35,27.35,27.35,27.35,27.000000000000000000,2,2,54.00,2,100.00,0.00,0.00
8-August-2018,27.90,27.90,27.90,27.90,27.875000000000000000,32,3,892.00,32,100.00,0.00,0.00
7-August-2018,28.45,28.45,28.45,28.45,28.000000000000000000,1,1,28.00,1,100.00,0.00,0.00
6-August-2018,29.00,29.00,29.00,29.00,29.000000000000000000,40,1,1160.00,40,100.00,0.00,0.00
3-August-2018,29.55,29.55,29.55,29.55,29.549464398235664776,1587,3,46895.00,1587,100.00,0.00,0.00
27-July-2018,30.15,30.15,30.15,30.15,30.142857142857142857,7,1,211.00,7,100.00,0.00,0.00
25-July-2018,30.75,30.75,30.75,30.75,30.666666666666666666,6,2,184.00,6,100.00,0.00,0.00
24-July-2018,31.35,31.35,31.35,31.35,31.346341463414634146,205,2,6426.00,205,100.00,0.00,0.00
23-July-2018,32.55,32.60,31.95,31.95,32.539548303651377972,10051,7,327055.00,10051,100.00,0.65,-0.60
18-July-2018,32.60,32.60,32.60,32.60,32.000000000000000000,1,1,32.00,1,100.00,0.00,0.00
13-July-2018,33.25,33.25,33.25,33.25,33.200000000000000000,15,1,498.00,15,100.00,0.00,0.00
28-June-2018,33.90,33.90,33.90,33.90,33.000000000000000000,1,1,33.00,1,100.00,0.00,0.00
12-June-2018,33.90,33.90,33.90,33.90,33.000000000000000000,1,1,33.00,1,100.00,0.00,0.00
6-June-2018,34.55,34.55,34.55,34.55,34.533333333333333333,30,1,1036.00,30,100.00,0.00,0.00
30-May-2018,35.25,35.25,35.25,35.25,35.000000000000000000,1,1,35.00,1,100.00,0.00,0.00
25-May-2018,35.25,35.25,35.25,35.25,35.000000000000000000,3,1,105.00,3,100.00,0.00,0.00
10-May-2018,35.60,35.60,35.60,35.60,35.600000000000000000,2000,2,71200.00,2000,100.00,0.00,0.00
13-April-2018,35.60,35.60,35.60,35.60,35.500000000000000000,2,1,71.00,2,100.00,0.00,0.00
10-April-2018,36.30,36.30,36.30,36.30,36.297297297297297297,37,3,1343.00,37,100.00,0.00,0.00
9-April-2018,37.00,37.00,37.00,37.00,37.000000000000000000,1000,6,37000.00,1000,100.00,0.00,0.00
5-April-2018,37.75,37.75,37.00,37.00,37.600000000000000000,50,2,1880.00,50,100.00,0.75,-0.75
14-February-2018,37.75,37.75,37.75,37.75,37.750000000000000000,100,2,3775.00,100,100.00,0.00,0.00
12-February-2018,37.75,37.75,37.75,37.75,37.740000000000000000,50,1,1887.00,50,100.00,0.00,0.00
7-February-2018,37.75,37.75,37.75,37.75,37.000000000000000000,1,1,37.00,1,100.00,0.00,0.00
6-February-2018,37.80,37.80,37.80,37.80,37.000000000000000000,1,1,37.00,1,100.00,0.00,0.00
5-February-2018,38.00,38.00,37.80,37.80,37.841807909604519774,354,10,13396.00,354,100.00,0.20,-0.20
2-February-2018,38.55,38.55,38.55,38.55,38.500000000000000000,2,2,77.00,2,100.00,0.00,0.00
1-February-2018,39.30,39.30,39.30,39.30,39.000000000000000000,1,1,39.00,1,100.00,0.00,0.00
31-January-2018,40.10,40.10,40.10,40.10,40.000000000000000000,1,1,40.00,1,100.00,0.00,0.00
30-January-2018,41.50,41.55,40.90,40.90,41.522388059701492537,201,3,8346.00,201,100.00,0.65,-0.60
29-January-2018,41.70,41.70,41.70,41.70,41.647058823529411764,17,2,708.00,17,100.00,0.00,0.00
25-January-2018,42.55,42.55,42.55,42.55,42.529411764705882352,17,2,723.00,17,100.00,0.00,0.00
24-January-2018,43.40,43.40,43.40,43.40,43.333333333333333333,6,1,260.00,6,100.00,0.00,0.00
23-January-2018,44.25,44.25,44.25,44.25,44.222222222222222222,18,3,796.00,18,100.00,0.00,0.00
22-January-2018,45.15,45.15,45.15,45.15,45.140625000000000000,64,3,2889.00,64,100.00,0.00,0.00
19-January-2018,46.05,46.05,46.05,46.05,46.000000000000000000,1,1,46.00,1,100.00,0.00,0.00
18-January-2018,46.95,46.95,46.95,46.95,46.857142857142857142,7,1,328.00,7,100.00,0.00,0.00
17-January-2018,47.90,47.90,47.90,47.90,47.800000000000000000,5,1,239.00,5,100.00,0.00,0.00
16-January-2018,48.85,48.85,48.85,48.85,48.000000000000000000,1,1,48.00,1,100.00,0.00,0.00
15-January-2018,50.60,50.60,49.80,49.80,49.800000000000000000,80,5,3984.00,80,100.00,0.80,-0.80
12-January-2018,51.90,51.90,50.80,50.80,51.028985507246376811,69,3,3521.00,69,100.00,1.10,-1.10
11-January-2018,51.80,51.80,51.80,51.80,51.800000000000000000,260,5,13468.00,260,100.00,0.00,0.00
10-January-2018,52.85,52.85,52.85,52.85,52.848484848484848484,66,3,3488.00,66,100.00,0.00,0.00
8-January-2018,53.90,53.90,53.90,53.90,53.900000000000000000,100,1,5390.00,100,100.00,0.00,0.00
4-January-2018,53.90,53.90,53.90,53.90,53.000000000000000000,1,1,53.00,1,100.00,0.00,0.00
1-January-2018,53.50,53.90,53.50,53.90,53.760000000000000000,50,2,2688.00,50,100.00,0.40,0.40
29-December-2017,53.90,53.90,53.90,53.90,53.500000000000000000,2,2,107.00,2,100.00,0.00,0.00
28-December-2017,54.90,54.90,54.90,54.90,54.900000000000000000,1010,2,55449.00,1010,100.00,0.00,0.00
19-December-2017,54.90,54.90,54.90,54.90,54.900000000000000000,100,1,5490.00,100,100.00,0.00,0.00
8-December-2017,54.90,54.90,54.90,54.90,54.880000000000000000,25,1,1372.00,25,100.00,0.00,0.00
7-December-2017,54.90,54.90,54.90,54.90,54.880000000000000000,25,1,1372.00,25,100.00,0.00,0.00
24-November-2017,56.00,56.00,56.00,56.00,56.000000000000000000,25,1,1400.00,25,100.00,0.00,0.00
7-November-2017,56.00,56.00,56.00,56.00,56.000000000000000000,2,1,112.00,2,100.00,0.00,0.00
31-October-2017,56.00,56.00,56.00,56.00,56.000000000000000000,10,1,560.00,10,100.00,0.00,0.00
27-October-2017,56.35,56.35,56.35,56.35,56.350000000000000000,40,2,2254.00,40,100.00,0.00,0.00
26-September-2017,57.50,57.50,57.50,57.50,57.500000000000000000,2,1,115.00,2,100.00,0.00,0.00
11-August-2017,57.50,57.50,57.50,57.50,57.500000000000000000,102,1,5865.00,102,100.00,0.00,0.00
10-July-2017,57.50,58.65,57.50,58.65,57.845238095238095238,84,3,4859.00,84,100.00,1.15,1.15
4-July-2017,57.50,57.50,57.50,57.50,57.000000000000000000,1,1,57.00,1,100.00,0.00,0.00
23-June-2017,57.50,57.50,57.50,57.50,57.500000000000000000,100,2,5750.00,100,100.00,0.00,0.00
22-June-2017,57.85,57.85,57.85,57.85,57.844660194174757281,103,6,5958.00,103,100.00,0.00,0.00
16-June-2017,59.00,59.00,59.00,59.00,59.000000000000000000,2,2,118.00,2,100.00,0.00,0.00
14-June-2017,59.50,59.50,59.50,59.50,59.500000000000000000,550,1,32725.00,550,100.00,0.00,0.00
5-June-2017,58.60,58.60,58.60,58.60,58.600000000000000000,550,1,32230.00,550,100.00,0.00,0.00
2-June-2017,57.50,57.50,57.50,57.50,57.480000000000000000,25,2,1437.00,25,100.00,0.00,0.00
31-May-2017,57.90,57.90,57.90,57.90,57.900000000000000000,550,1,31845.00,550,100.00,0.00,0.00
22-May-2017,59.00,59.00,59.00,59.00,59.000000000000000000,500,1,29500.00,500,100.00,0.00,0.00
19-May-2017,58.80,59.90,58.00,58.00,59.721153846153846153,520,3,31055.00,520,100.00,1.90,-0.80
16-May-2017,61.00,61.00,58.80,58.80,60.895238095238095238,525,2,31970.00,525,100.00,2.20,-2.20
15-May-2017,61.00,61.00,60.00,60.00,60.944078947368421052,608,4,37054.00,604,99.34,1.00,-1.00
11-May-2017,60.70,60.70,60.70,60.70,60.700000000000000000,50,2,3035.00,50,100.00,0.00,0.00
9-May-2017,61.90,61.90,61.90,61.90,61.882352941176470588,51,2,3156.00,51,100.00,0.00,0.00
5-May-2017,63.15,63.15,63.15,63.15,63.120000000000000000,25,2,1578.00,25,100.00,0.00,0.00
3-May-2017,64.40,64.40,64.40,64.40,64.400000000000000000,25,1,1610.00,25,100.00,0.00,0.00
2-May-2017,65.70,65.70,65.70,65.70,65.698529411764705882,544,3,35740.00,544,100.00,0.00,0.00
28-April-2017,67.00,67.00,67.00,67.00,67.000000000000000000,1010,5,67670.00,1010,100.00,0.00,0.00
27-April-2017,68.25,68.25,68.25,68.25,68.248962655601659751,482,5,32896.00,482,100.00,0.00,0.00
21-April-2017,69.60,69.60,69.60,69.60,69.590909090909090909,22,3,1531.00,22,100.00,0.00,0.00
20-April-2017,71.00,71.00,71.00,71.00,71.000000000000000000,30,2,2130.00,30,100.00,0.00,0.00
12-April-2017,73.85,73.85,72.40,72.40,72.411764705882352941,51,2,3693.00,51,100.00,1.45,-1.45
11-April-2017,73.85,73.85,73.85,73.85,73.840000000000000000,50,1,3692.00,50,100.00,0.00,0.00
10-April-2017,75.35,75.35,75.35,75.35,75.340000000000000000,50,1,3767.00,50,100.00,0.00,0.00
7-April-2017,76.85,76.85,76.85,76.85,76.840000000000000000,50,1,3842.00,50,100.00,0.00,0.00
6-April-2017,78.40,78.40,78.40,78.40,78.398963730569948186,579,3,45393.00,579,100.00,0.00,0.00
5-April-2017,78.00,78.00,76.95,76.95,77.266666666666666666,15,2,1159.00,15,100.00,1.05,-1.05
31-March-2017,76.95,78.50,76.95,78.50,77.348000000000000000,500,5,38674.00,500,100.00,1.55,1.55
30-March-2017,78.60,78.60,78.50,78.50,78.598848368522072936,521,2,40950.00,521,100.00,0.10,-0.10
29-March-2017,78.90,78.90,78.90,78.90,78.899047619047619047,525,5,41422.00,525,100.00,0.00,0.00
27-March-2017,81.50,81.50,80.50,80.50,81.362068965517241379,58,2,4719.00,58,100.00,1.00,-1.00
23-March-2017,81.80,81.80,81.80,81.80,81.799614643545279383,519,1,42454.00,519,100.00,0.00,0.00
20-March-2017,83.85,83.85,82.20,82.20,82.283018867924528301,53,3,4361.00,53,100.00,1.65,-1.65
17-March-2017,83.85,83.85,83.85,83.85,83.840000000000000000,50,1,4192.00,50,100.00,0.00,0.00
16-March-2017,85.55,85.55,85.55,85.55,85.550000000000000000,20,2,1711.00,10,50.00,0.00,0.00
15-March-2017,88.65,88.65,87.10,87.25,87.236363636363636363,110,3,9596.00,110,100.00,1.55,-1.40
14-March-2017,90.45,92.20,88.65,88.65,91.607313195548489666,629,4,57621.00,629,100.00,3.55,-1.80
10-March-2017,90.45,90.45,90.45,90.45,90.431818181818181818,44,1,3979.00,44,100.00,0.00,0.00
9-March-2017,92.25,92.25,92.25,92.25,92.245901639344262295,61,1,5627.00,61,100.00,0.00,0.00
8-March-2017,94.10,94.10,94.10,94.10,94.100000000000000000,100,2,9410.00,100,100.00,0.00,0.00
3-March-2017,96.00,96.00,96.00,96.00,96.000000000000000000,529,1,50784.00,529,100.00,0.00,0.00
27-February-2017,95.00,95.00,95.00,95.00,95.000000000000000000,1,1,95.00,1,100.00,0.00,0.00
17-February-2017,96.40,96.40,96.40,96.40,96.398865784499054820,529,1,50995.00,529,100.00,0.00,0.00
10-February-2017,94.60,94.60,94.60,94.60,94.592592592592592592,27,3,2554.00,27,100.00,0.00,0.00
9-February-2017,96.50,96.50,96.50,96.50,96.499054820415879017,529,1,51048.00,529,100.00,0.00,0.00
8-February-2017,97.00,97.00,97.00,97.00,97.000000000000000000,10,1,970.00,10,100.00,0.00,0.00
7-February-2017,98.95,98.95,98.95,98.95,98.920000000000000000,25,1,2473.00,25,100.00,0.00,0.00
6-February-2017,100.95,100.95,100.95,100.95,100.000000000000000000,1,1,100.00,1,100.00,0.00,0.00
3-February-2017,103.00,103.00,103.00,103.00,103.000000000000000000,100,1,10300.00,100,100.00,0.00,0.00
1-February-2017,105.00,105.00,102.45,102.45,104.624447717231222385,679,4,71040.00,679,100.00,2.55,-2.55
18-January-2017,104.50,104.50,104.50,104.50,104.499054820415879017,529,1,55280.00,529,100.00,0.00,0.00
9-January-2017,103.95,103.95,103.95,103.95,103.948960302457466918,529,1,54989.00,529,100.00,0.00,0.00
6-January-2017,102.50,102.50,102.50,102.50,102.499054820415879017,529,1,54222.00,529,100.00,0.00,0.00
23-December-2016,103.00,103.00,103.00,103.00,103.000000000000000000,529,1,54487.00,529,100.00,0.00,0.00
5-December-2016,101.00,101.00,101.00,101.00,101.000000000000000000,529,1,53429.00,529,100.00,0.00,0.00
2-December-2016,99.45,99.45,99.45,99.45,99.400000000000000000,10,1,994.00,10,100.00,0.00,0.00
30-November-2016,101.45,101.45,101.45,101.45,101.400000000000000000,10,1,1014.00,10,100.00,0.00,0.00
23-November-2016,103.50,103.50,103.50,103.50,103.499054820415879017,529,1,54751.00,529,100.00,0.00,0.00
10-November-2016,102.00,102.00,102.00,102.00,102.000000000000000000,529,1,53958.00,529,100.00,0.00,0.00
8-November-2016,100.50,100.95,100.00,100.00,100.448382126348228043,649,12,65191.00,649,100.00,0.95,-0.50
2-November-2016,100.95,100.95,100.95,100.95,100.904761904761904761,21,2,2119.00,21,100.00,0.00,0.00
28-October-2016,103.00,103.00,103.00,103.00,103.000000000000000000,529,1,54487.00,529,100.00,0.00,0.00
25-October-2016,101.50,101.50,101.50,101.50,101.500000000000000000,54,2,5481.00,54,100.00,0.00,0.00
24-October-2016,103.55,103.55,103.55,103.55,103.527777777777777777,36,1,3727.00,36,100.00,0.00,0.00
21-October-2016,105.65,105.65,105.65,105.65,105.629629629629629629,27,1,2852.00,27,100.00,0.00,0.00
19-October-2016,107.80,107.80,107.80,107.80,107.800000000000000000,100,1,10780.00,100,100.00,0.00,0.00
18-October-2016,110.00,110.00,110.00,110.00,110.000000000000000000,529,1,58190.00,529,100.00,0.00,0.00
7-October-2016,108.25,108.25,108.25,108.25,108.248427672955974842,318,3,34423.00,318,100.00,0.00,0.00
6-October-2016,110.45,110.45,110.45,110.45,110.450000000000000000,200,1,22090.00,200,100.00,0.00,0.00
5-October-2016,112.70,112.70,112.70,112.70,112.699432892249527410,529,1,59618.00,529,100.00,0.00,0.00
29-September-2016,114.95,114.95,114.95,114.95,114.944444444444444444,18,1,2069.00,18,100.00,0.00,0.00
28-September-2016,117.25,117.25,117.25,117.25,117.240000000000000000,50,1,5862.00,50,100.00,0.00,0.00
27-September-2016,119.60,119.60,119.60,119.60,119.000000000000000000,1,1,119.00,1,100.00,0.00,0.00
26-September-2016,122.00,122.00,122.00,122.00,122.000000000000000000,529,1,64538.00,529,100.00,0.00,0.00
22-September-2016,120.05,120.05,120.05,120.05,120.000000000000000000,9,1,1080.00,9,100.00,0.00,0.00
21-September-2016,122.45,122.45,122.45,122.45,122.384615384615384615,13,1,1591.00,13,100.00,0.00,0.00
19-September-2016,124.90,124.90,124.90,124.90,124.846153846153846153,13,2,1623.00,13,100.00,0.00,0.00
16-September-2016,127.40,127.40,127.40,127.40,127.000000000000000000,1,1,127.00,1,100.00,0.00,0.00
15-September-2016,130.00,130.00,130.00,130.00,130.000000000000000000,529,1,68770.00,529,100.00,0.00,0.00
12-September-2016,132.00,132.00,130.50,130.50,131.712538226299694189,654,3,86140.00,654,100.00,1.50,-1.50
9-September-2016,130.00,130.00,130.00,130.00,130.000000000000000000,10,1,1300.00,10,100.00,0.00,0.00
8-September-2016,127.75,127.75,127.75,127.75,127.700000000000000000,10,1,1277.00,10,100.00,0.00,0.00
7-September-2016,130.35,130.35,130.35,130.35,130.300000000000000000,10,1,1303.00,10,100.00,0.00,0.00
31-August-2016,134.00,134.00,133.00,133.00,133.945179584120982986,529,2,70857.00,529,100.00,1.00,-1.00
30-August-2016,130.35,132.00,130.35,132.00,130.353293413173652694,501,3,65307.00,501,100.00,1.65,1.65
18-August-2016,133.00,133.00,133.00,133.00,133.000000000000000000,500,1,66500.00,500,100.00,0.00,0.00
5-August-2016,131.40,131.40,131.35,131.35,131.347578347578347578,351,5,46103.00,351,100.00,0.05,-0.05
27-July-2016,134.00,134.00,134.00,134.00,134.000000000000000000,250,1,33500.00,250,100.00,0.00,0.00
20-July-2016,135.90,136.00,135.90,136.00,135.903225806451612903,3100,5,421300.00,3100,100.00,0.10,0.10
19-July-2016,139.00,139.00,135.90,135.90,136.106666666666666666,3750,3,510400.00,3750,100.00,3.10,-3.10
18-July-2016,139.25,141.65,136.35,136.45,139.050736497545008183,1222,22,169920.00,121,9.90,5.30,-2.80
15-July-2016,137.50,141.00,137.50,139.10,137.538536585365853658,5125,10,704885.00,5125,100.00,3.50,1.60
14-July-2016,142.00,142.50,139.20,140.00,141.171104815864022662,3530,16,498334.00,1495,42.35,3.30,-2.00
13-July-2016,144.50,144.50,141.35,142.00,144.119351669941060903,2036,17,293427.00,11,0.54,3.15,-2.50
12-July-2016,142.30,145.50,142.10,144.20,144.423689320388349514,2575,78,371891.00,75,2.91,3.40,1.90
23-June-2016,145.00,145.00,145.00,145.00,145.000000000000000000,250,1,36250.00,250,100.00,0.00,0.00
21-June-2016,144.75,144.75,143.15,143.15,143.920000000000000000,50,7,7196.00,50,100.00,1.60,-1.60
13-June-2016,146.00,146.00,146.00,146.00,146.000000000000000000,250,1,36500.00,250,100.00,0.00,0.00
8-June-2016,144.10,144.10,144.10,144.10,144.090909090909090909,11,2,1585.00,11,100.00,0.00,0.00
6-June-2016,148.00,148.00,147.00,147.00,147.440000000000000000,50,7,7372.00,50,100.00,1.00,-1.00
2-June-2016,150.00,150.00,150.00,150.00,150.000000000000000000,500,1,75000.00,500,100.00,0.00,0.00
31-May-2016,149.50,149.50,148.00,148.00,148.818181818181818181,110,10,16370.00,110,100.00,1.50,-1.50
30-May-2016,152.00,152.00,150.70,150.70,151.428571428571428571,105,7,15900.00,105,100.00,1.30,-1.30
27-May-2016,153.70,153.70,153.70,153.70,153.700000000000000000,200,6,30740.00,200,100.00,0.00,0.00
26-May-2016,158.00,158.00,156.80,156.80,157.412500000000000000,80,6,12593.00,80,100.00,1.20,-1.20
25-May-2016,160.00,160.00,160.00,160.00,160.000000000000000000,90,1,14400.00,90,100.00,0.00,0.00
24-May-2016,160.00,160.00,160.00,160.00,160.000000000000000000,510,2,81600.00,510,100.00,0.00,0.00
23-May-2016,162.00,162.00,160.45,160.45,161.360784313725490196,510,10,82294.00,510,100.00,1.55,-1.55
17-May-2016,164.00,164.00,163.40,163.70,163.727500000000000000,400,5,65491.00,400,100.00,0.60,-0.30
13-May-2016,165.00,165.00,165.00,165.00,165.000000000000000000,2,1,330.00,2,100.00,0.00,0.00
12-May-2016,166.00,166.00,165.60,165.90,165.893333333333333333,300,4,49768.00,300,100.00,0.40,-0.10
10-May-2016,167.10,167.10,167.10,167.10,167.096774193548387096,279,1,46620.00,279,100.00,0.00,0.00
6-May-2016,167.00,167.00,167.00,167.00,167.000000000000000000,43,1,7181.00,43,100.00,0.00,0.00
4-May-2016,168.00,168.00,168.00,168.00,168.000000000000000000,100,1,16800.00,100,100.00,0.00,0.00
3-May-2016,165.00,165.00,165.00,165.00,165.000000000000000000,16,1,2640.00,16,100.00,0.00,0.00
2-May-2016,163.70,167.00,163.70,166.90,166.173131504257332071,1057,11,175645.00,219,20.72,3.30,3.20
29-April-2016,167.00,167.00,167.00,167.00,167.000000000000000000,39,1,6513.00,39,100.00,0.00,0.00
27-April-2016,169.60,169.60,168.75,168.75,169.255687973997833152,923,7,156223.00,923,100.00,0.85,-0.85
26-April-2016,170.00,170.00,170.00,170.00,170.000000000000000000,200,1,34000.00,200,100.00,0.00,0.00
25-April-2016,167.75,168.50,167.75,168.00,167.948387096774193548,310,5,52064.00,310,100.00,0.75,0.25
22-April-2016,166.00,166.00,165.25,165.25,165.628205128205128205,390,5,64595.00,380,97.44,0.75,-0.75
21-April-2016,166.00,166.00,166.00,166.00,166.000000000000000000,402,5,66732.00,402,100.00,0.00,0.00
20-April-2016,166.25,166.25,165.50,166.00,166.133899412148922273,1531,10,254351.00,1149,75.05,0.75,-0.25
13-January-2016,16.60,16.60,16.30,16.30,16.372093023255813953,301,9,4928.00,301,100.00,0.30,-0.30
12-January-2016,16.90,16.90,16.60,16.60,16.721461187214611872,219,11,3662.00,219,100.00,0.30,-0.30
11-January-2016,17.20,17.20,16.90,16.90,16.985163204747774480,337,13,5724.00,336,99.70,0.30,-0.30
8-January-2016,17.55,17.55,17.20,17.20,17.496140086612690642,5311,27,92922.00,306,5.76,0.35,-0.35
7-January-2016,17.90,18.25,17.55,17.55,18.097733711048158640,706,10,12777.00,506,71.67,0.70,-0.35
