,Unnamed: 0,Date,Open,High,Low,Close,Adj Close,Volume,gainORloss
0,0,2018-04-09,262.549988,266.100006,259.5,259.5,259.5,551500,0.0
1,1,2018-04-10,265.269989,268.850006,263.380005,267.190002,267.190002,735200,1.9712189754764853
2,2,2018-04-11,265.27999900000003,269.52999900000003,265.27999900000003,266.579987,266.579987,503600,2.0022883000590737
3,3,2018-04-12,268.0,272.100006,267.98999,268.890015,268.890015,632400,1.9914090227560142
4,4,2018-04-13,258.019989,258.338989,241.320007,244.199997,244.199997,2805000,2.10110572605781
5,5,2018-04-16,246.649994,247.69299300000003,238.699997,239.440002,239.440002,1526600,2.019879698297029
6,6,2018-04-17,241.0,258.600006,240.550003,256.799988,256.799988,2038700,1.9323988052522807
7,7,2018-04-18,256.23999,259.190002,249.630005,258.5,258.5,730200,1.9934235512572533
8,8,2018-04-19,255.669998,257.459991,250.710007,256.369995,256.369995,729900,2.0083083240688913
9,9,2018-04-20,257.27999900000003,263.399994,255.470001,260.649994,260.649994,658300,1.9835795162151433
10,10,2018-04-23,261.980011,261.980011,252.00999500000003,254.179993,254.179993,695700,2.0254544070272282
11,11,2018-04-24,257.98999,264.0,248.600006,252.059998,252.059998,965100,2.0084106760962523
12,12,2018-04-25,251.490005,256.220001,247.207993,253.020004,253.020004,646300,1.9962058098773883
13,13,2018-04-26,255.570007,259.77999900000003,255.039993,259.51001,259.51001,559200,1.9749913076570726
14,14,2018-04-27,262.619995,266.649994,259.98999,262.75,262.75,721900,1.9876689248334918
15,15,2018-04-30,264.179993,267.480011,261.309998,264.549988,264.549988,834600,1.9931960382474105
16,16,2018-05-01,264.549988,265.359985,260.52999900000003,265.269989,265.269989,679300,1.9972857804129511
17,17,2018-05-02,267.480011,272.540009,265.410004,265.459991,265.459991,891100,1.9992842537239446
18,18,2018-05-03,262.329987,270.75,260.220001,267.850006,267.850006,1187800,1.9910770395875967
19,19,2018-05-04,243.899994,248.990005,235.240005,245.050003,245.050003,3386600,2.0930422473816495
20,20,2018-05-07,247.100006,254.820007,245.429993,252.360001,252.360001,1636800,1.9710334523259097
21,21,2018-05-08,251.169998,260.52999900000003,251.130005,259.290009,259.290009,1140700,1.9732731391127376
22,22,2018-05-09,260.420013,261.100006,256.559998,259.420013,259.420013,870500,1.9994988667277571
23,23,2018-05-10,259.799988,262.190002,259.0,260.660004,260.660004,1223500,1.9952428796862904
24,24,2018-05-11,260.0,260.799988,256.01001,259.910004,259.910004,586700,2.0028856142066775
25,25,2018-05-14,258.410004,260.5,252.679993,253.520004,253.520004,1057000,2.025205111625038
26,26,2018-05-15,251.339996,253.440002,248.25,249.550003,249.550003,735200,2.015908639359944
27,27,2018-05-16,249.240005,250.813995,246.600006,249.130005,249.130005,629100,2.0016858587547492
28,28,2018-05-17,248.0,249.130005,243.619995,247.470001,247.470001,1338200,2.0067078999203627
29,29,2018-05-18,248.0,250.080002,247.335007,248.089996,248.089996,481300,1.9975009270426203
30,30,2018-05-21,249.740005,255.800003,249.740005,254.25,254.25,934500,1.9757718623402165
31,31,2018-05-22,253.100006,257.100006,249.5,249.619995,249.619995,804200,2.018548213655721
32,32,2018-05-23,248.720001,256.13501,248.0,255.979996,255.979996,675000,1.9751543046355857
33,33,2018-05-24,255.77999900000003,255.77999900000003,250.050003,252.610001,252.610001,512600,2.0133407030072417
34,34,2018-05-25,253.440002,256.899994,252.600998,255.75,255.75,531200,1.9877223890518085
35,35,2018-05-29,254.0,259.5,253.240005,255.860001,255.860001,1068800,1.9995700734793633
36,36,2018-05-30,256.399994,257.5,251.451004,251.649994,251.649994,892000,2.0167296129560013
37,37,2018-05-31,253.479996,256.130005,251.199997,251.559998,251.559998,885000,2.000357751632674
38,38,2018-06-01,252.660004,262.98999,252.520004,261.220001,261.220001,1065900,1.9630196655576924
39,39,2018-06-04,262.5,269.0,261.390015,268.27999900000003,268.27999900000003,939700,1.9736842178831226
40,40,2018-06-05,268.299988,276.589996,267.26001,274.75,274.75,1302900,1.9764513157415835
41,41,2018-06-06,275.380005,280.579987,275.369995,278.26001,278.26001,1252800,1.987385862596641
42,42,2018-06-07,278.5,279.25,269.429993,270.899994,270.899994,774200,2.0271687566002683
43,43,2018-06-08,270.679993,274.709991,268.601013,273.75,273.75,514900,1.989589019178082
44,44,2018-06-11,273.75,276.674988,270.519989,271.679993,271.679993,1022800,2.007619283912452
45,45,2018-06-12,272.809998,276.470001,272.410004,274.640015,274.640015,555000,1.9892221750716115
46,46,2018-06-13,276.589996,282.10199,275.380005,281.140015,281.140015,847900,1.976879847573459
47,47,2018-06-14,280.809998,284.549988,279.51001,281.119995,281.119995,762000,2.0000712151407085
48,48,2018-06-15,279.429993,287.0,277.850006,286.619995,286.619995,1364500,1.980810829335197
49,49,2018-06-18,282.559998,283.649994,274.02999900000003,279.220001,279.220001,1002100,2.026502377958232
50,50,2018-06-19,273.649994,277.929993,271.390015,273.799988,273.799988,747800,2.019795519494325
51,51,2018-06-20,276.619995,287.119995,276.619995,283.73999,283.73999,1027400,1.9649679201017807
52,52,2018-06-21,284.390015,285.75,278.440002,279.320007,279.320007,484700,2.015824083091907
53,53,2018-06-22,280.980011,280.980011,269.309998,272.649994,272.649994,1111700,2.0244636462379675
54,54,2018-06-25,268.670013,270.0,257.410004,259.880005,259.880005,1347600,2.0491380204490914
55,55,2018-06-26,260.130005,265.255005,259.100006,262.380005,262.380005,718200,1.9904718349250736
56,56,2018-06-27,262.75,264.480011,253.720001,254.289993,254.289993,914400,2.0318141186153555
57,57,2018-06-28,253.0,260.559998,252.858002,258.269989,258.269989,551900,1.9845897852266527
58,58,2018-06-29,259.899994,260.714996,256.76001,257.48999,257.48999,412800,2.003029240088129
59,59,2018-07-02,254.979996,261.450012,253.089996,261.359985,261.359985,441000,1.9851928557464524
60,60,2018-07-03,262.200012,262.329987,255.449997,255.869995,255.869995,393300,2.0214561695676743
61,61,2018-07-05,257.98999,258.684998,252.25,257.910004,257.910004,516900,1.992090229272378
62,62,2018-07-06,258.910004,263.929993,257.920013,262.390015,262.390015,314600,1.982926137642852
63,63,2018-07-09,269.869995,274.970001,265.609985,270.459991,270.459991,751100,1.9701620340584867
64,64,2018-07-10,272.0,272.0,267.730011,268.549988,268.549988,377800,2.0071122810848903
65,65,2018-07-11,265.0,270.959015,263.570007,269.320007,269.320007,386500,1.9971408770979278
66,66,2018-07-12,271.890015,279.179993,270.674988,278.359985,278.359985,520900,1.9675241468345386
67,67,2018-07-13,278.299988,278.359985,261.160004,266.48999,266.48999,1423900,2.0445419919900183
68,68,2018-07-16,266.5,274.75,266.5,270.839996,270.839996,708400,1.9839388344991704
69,69,2018-07-17,270.690002,274.76001,266.899994,273.880005,273.880005,288000,1.9889002156254523
70,70,2018-07-18,273.880005,275.850006,273.079987,274.690002,274.690002,318100,1.997051232319697
71,71,2018-07-19,277.369995,281.200012,275.382996,276.25,276.25,586600,1.9943529484162899
72,72,2018-07-20,277.0,277.809998,268.549988,268.839996,268.839996,568700,2.0275628779580845
73,73,2018-07-23,269.48999,270.869995,263.5,268.390015,268.390015,574200,2.0016765936691048
74,74,2018-07-24,270.390015,272.200012,262.980011,266.299988,266.299988,587400,2.00784839314375
75,75,2018-07-25,266.02999900000003,275.980011,266.02999900000003,274.309998,274.309998,520200,1.9707994237964301
76,76,2018-07-26,272.619995,279.320007,269.26001,276.27999900000003,276.27999900000003,503200,1.9928695489824437
77,77,2018-07-27,275.549988,276.890015,266.89801,271.27999900000003,271.27999900000003,734900,2.018431141324208
78,78,2018-07-30,270.149994,270.769989,255.080002,257.859985,257.859985,914800,2.0520438019881215
79,79,2018-07-31,257.76001,262.869995,253.50999500000003,255.729996,255.729996,990400,2.0083290542107544
80,80,2018-08-01,256.5,263.480011,256.001007,262.600006,262.600006,645500,1.9738385002169423
81,81,2018-08-02,261.649994,271.850006,260.51599100000004,271.850006,271.850006,1379300,1.9659738834068667
82,82,2018-08-03,269.420013,269.420013,256.540009,257.540009,257.540009,1930200,2.0555641706139722
83,83,2018-08-06,258.5,272.190002,258.5,271.329987,271.329987,1224300,1.949176358453885
84,84,2018-08-07,271.549988,273.75,267.51001,268.809998,268.809998,685100,2.0093746103893055
85,85,2018-08-08,269.829987,269.829987,263.100006,264.559998,264.559998,725900,2.0160644089511974
86,86,2018-08-09,264.079987,272.76001,263.75,269.339996,269.339996,687200,1.9822529216938134
87,87,2018-08-10,268.459991,270.630005,266.769989,268.850006,268.850006,439700,2.0018225404093912
88,88,2018-08-13,268.859985,273.350006,267.480011,269.27999900000003,269.27999900000003,449800,1.9984031751277596
89,89,2018-08-14,271.660004,274.253998,268.700012,271.459991,271.459991,700700,1.9919693801212865
90,90,2018-08-15,269.679993,272.600006,262.519989,265.579987,265.579987,628700,2.022140237547342
91,91,2018-08-16,268.829987,275.494995,267.484985,267.929993,267.929993,706500,1.9912290297413624
92,92,2018-08-17,265.769989,270.475006,265.769989,269.040009,269.040009,457400,1.9958741601142305
93,93,2018-08-20,269.549988,274.5,268.13501,273.720001,273.720001,498900,1.9829022651508756
94,94,2018-08-21,272.5,277.149994,271.324005,271.829987,271.829987,562800,2.006952926793908
95,95,2018-08-22,272.100006,278.954987,269.665009,277.359985,277.359985,584600,1.9800620194005276
96,96,2018-08-23,276.910004,283.420013,275.01001,282.609985,282.609985,814700,1.9814231616763294
97,97,2018-08-24,295.839996,313.367004,294.920013,308.579987,308.579987,4082400,1.9158402907055667
98,98,2018-08-27,308.579987,312.5,300.600006,304.790009,304.790009,11162000,2.0124347186196645
99,99,2018-08-28,305.0,306.73999,302.13501,304.200012,304.200012,1699000,2.0019395035395333
100,100,2018-08-29,303.350006,306.059998,300.936005,302.190002,302.190002,1255700,2.006651477503217
101,101,2018-08-30,300.720001,302.740997,294.450012,297.869995,297.869995,1012200,2.0145029948384026
102,102,2018-08-31,296.0,302.329987,295.440002,298.980011,298.980011,808300,1.9962873237033898
103,103,2018-09-04,288.899994,294.0,286.25,289.820007,289.820007,2026000,2.0316058373430375
104,104,2018-09-05,288.459991,289.089996,271.140015,272.290009,272.290009,1810000,2.0643798796157813
105,105,2018-09-06,274.0,276.959991,265.220001,267.769989,267.769989,1302900,2.0168802337292546
106,106,2018-09-07,267.790009,272.309998,264.0,267.049988,267.049988,1111600,2.002696128187057
107,107,2018-09-10,268.73999,269.980011,264.910004,269.01001,269.01001,1178800,1.992713943990411
108,108,2018-09-11,267.589996,271.25,265.640015,267.209991,267.209991,836900,2.0067363461720262
109,109,2018-09-12,266.859985,268.209991,261.790009,267.850006,267.850006,862900,1.997610547001444
110,110,2018-09-13,268.98999,272.0,267.959991,270.059998,270.059998,828300,1.9918166629031822
111,111,2018-09-14,271.0,273.690002,269.380005,271.25,271.25,1006500,1.9956128958525343
112,112,2018-09-17,271.869995,272.27999900000003,264.559998,265.079987,265.079987,675700,2.02327604233661
113,113,2018-09-18,265.299988,269.350006,265.299988,267.160004,267.160004,732200,1.9922143398380845
114,114,2018-09-19,268.049988,271.380005,267.200989,270.200012,270.200012,849900,1.9887490456514119
115,115,2018-09-20,272.640015,274.049988,270.200012,273.049988,273.049988,745300,1.9895624386550057
116,116,2018-09-21,274.0,275.0,268.440002,269.290009,269.290009,1815600,2.0139625640548737
117,117,2018-09-24,268.27999900000003,275.230011,265.019989,274.209991,274.209991,711600,1.9820576121896303
118,118,2018-09-25,275.179993,276.0,272.5,274.559998,274.559998,518800,1.998725207595609
119,119,2018-09-26,273.019989,273.899994,263.369995,263.869995,263.869995,1235700,2.040512385654155
120,120,2018-09-27,264.890015,268.410004,263.700012,265.329987,265.329987,832900,1.9944974481908073
121,121,2018-09-28,265.299988,269.0,264.714996,265.859985,265.859985,476000,1.998006476980731
122,122,2018-10-01,267.209991,268.820007,258.470001,259.640015,259.640015,1121600,2.023956130182784
123,123,2018-10-02,258.079987,259.839996,255.320007,256.149994,256.149994,733500,2.013624911504
124,124,2018-10-03,257.0,262.559998,255.740005,261.429993,261.429993,597800,1.979803392336854
125,125,2018-10-04,260.76001,261.415009,255.490005,257.73999,257.73999,607300,2.014316765512407
126,126,2018-10-05,256.549988,261.98999,247.169998,251.270004,251.270004,1023900,2.0257491379671406
127,127,2018-10-08,250.440002,251.610001,239.214005,243.210007,243.210007,1190900,2.0331400714116175
128,128,2018-10-09,242.27999900000003,244.990005,235.52999900000003,238.649994,238.649994,1157400,2.0191075345260643
129,129,2018-10-10,237.179993,237.990005,225.264999,225.789993,225.789993,1614300,2.0569555843867713
130,130,2018-10-11,217.949997,224.199997,214.100006,215.460007,215.460007,2212100,2.0479438673739576
131,131,2018-10-12,221.809998,225.679993,217.955002,222.369995,222.369995,1454400,1.968925717698559
132,132,2018-10-15,230.360001,232.770004,220.5,220.830002,220.830002,1301200,2.006973658407158
133,133,2018-10-16,223.449997,234.375,223.449997,233.580002,233.580002,1246100,1.9454148476289508
134,134,2018-10-17,243.990005,247.479996,233.770004,238.949997,238.949997,1182800,1.9775266998643235
135,135,2018-10-18,236.809998,237.979996,230.160004,233.089996,233.089996,795400,2.0251405083897294
136,136,2018-10-19,234.839996,236.210007,227.300003,229.75999500000003,229.75999500000003,913700,2.0144933890688845
137,137,2018-10-22,231.360001,234.369995,227.289993,232.179993,232.179993,814100,1.9895770605867837
138,138,2018-10-23,226.770004,235.0,221.649994,232.830002,232.830002,957000,1.9972082249090906
139,139,2018-10-24,231.550003,237.00999500000003,223.589996,223.820007,223.820007,996100,2.040255538907208
140,140,2018-10-25,226.720001,232.75,224.720001,230.690002,230.690002,807100,1.9702197973885318
141,141,2018-10-26,225.0,225.77999900000003,217.02999900000003,219.52999900000003,219.52999900000003,1271500,2.050835890542686
142,142,2018-10-29,224.110001,226.149994,213.110001,217.860001,217.860001,953300,2.0076654640243023
143,143,2018-10-30,218.130005,228.630005,215.600006,228.460007,228.460007,915200,1.9536023563196339
144,144,2018-10-31,233.5,238.679993,230.300003,230.350006,230.350006,1152200,1.9917950989764681
145,145,2018-11-01,232.770004,242.320007,231.119995,240.960007,240.960007,1346200,1.9559677926138177
146,146,2018-11-02,260.910004,269.487,245.440002,257.769989,257.769989,3090300,1.93478689251137
147,147,2018-11-05,256.670013,257.480011,248.100006,248.960007,248.960007,953700,2.035387137501165
148,148,2018-11-06,248.0,252.294998,241.440002,245.110001,245.110001,900700,2.0157072579017288
149,149,2018-11-07,246.979996,254.380997,246.25999500000003,253.550003,253.550003,762500,1.9667126724506487
150,150,2018-11-08,252.080002,255.309998,248.699997,252.199997,252.199997,523700,2.0053529183824694
151,151,2018-11-09,250.929993,251.190002,241.0,244.429993,244.429993,778300,2.031788259307441
152,152,2018-11-12,243.389999,245.0,234.660004,236.619995,236.619995,834800,2.0330065005706723
153,153,2018-11-13,238.080002,240.845001,232.369995,236.360001,236.360001,726100,2.0010999915336773
154,154,2018-11-14,238.559998,240.0,228.988998,229.490005,229.490005,881400,2.029935926839167
155,155,2018-11-15,229.690002,244.929993,229.675003,244.199997,244.199997,1283700,1.9397625217825043
156,156,2018-11-16,241.850006,243.0,237.949997,239.369995,239.369995,716100,2.020177975940552
157,157,2018-11-19,239.110001,239.179993,221.50999500000003,223.0,223.0,896600,2.0734080493273543
158,158,2018-11-20,213.0,223.63499500000003,210.552994,219.380005,219.380005,998300,2.0165010252415665
159,159,2018-11-21,222.679993,228.649994,218.304993,219.020004,219.020004,701600,2.001643690043947
160,160,2018-11-23,217.0,222.865005,215.970001,219.240005,219.240005,235200,1.9989965289409657
161,161,2018-11-26,223.300003,227.0,219.380005,226.369995,226.369995,503500,1.9685029369727205
162,162,2018-11-27,224.929993,226.649994,223.225006,224.740005,224.740005,424800,2.0072527808300085
163,163,2018-11-28,228.479996,236.0,227.169998,235.399994,235.399994,687400,1.9547154236545987
164,164,2018-11-29,234.990005,238.100006,231.00999500000003,236.309998,236.309998,578600,1.9961491091883468
165,165,2018-11-30,236.410004,239.205002,233.520004,238.479996,238.479996,755500,1.9909007126954161
166,166,2018-12-03,247.5,248.979996,242.149994,243.889999,243.889999,892600,1.9778178563197257
167,167,2018-12-04,242.020004,244.274994,229.619995,229.729996,229.729996,806600,2.061637588676056
168,168,2018-12-06,228.619995,238.649994,225.0,238.429993,238.429993,1310700,1.9635113146188785
169,169,2018-12-07,238.179993,240.990005,223.710007,225.089996,225.089996,830000,2.059265170540942
170,170,2018-12-10,224.589996,231.975006,223.102997,229.770004,229.770004,701300,1.9796317712559208
171,171,2018-12-11,231.5,235.889999,227.740005,229.119995,229.119995,701000,2.0028369806834188
172,172,2018-12-12,234.160004,236.339996,231.50999500000003,231.990005,231.990005,529300,1.9876287342637888
173,173,2018-12-13,233.5,235.210007,227.910004,228.710007,228.710007,449700,2.0143412963998557
174,174,2018-12-14,224.820007,226.052002,219.707001,220.410004,220.410004,629300,2.0376571065258906
175,175,2018-12-17,219.0,220.0,208.360001,210.169998,210.169998,1298200,2.0487224917802016
176,176,2018-12-18,210.990005,213.770004,207.820007,212.089996,212.089996,1100000,1.9909472486387334
177,177,2018-12-19,213.070007,216.309998,200.399994,202.050003,202.050003,966600,2.0496906352433957
178,178,2018-12-20,201.039993,203.589996,192.270004,197.210007,197.210007,1275700,2.024542344851699
179,179,2018-12-21,198.100006,202.850006,191.759995,193.169998,193.169998,1439900,2.020914267442297
180,180,2018-12-24,188.339996,194.175003,187.080002,188.899994,188.899994,446800,2.0226045745665826
181,181,2018-12-26,190.300003,200.960007,189.800003,200.520004,200.520004,739400,1.9420506195481622
182,182,2018-12-27,198.0,204.919998,195.770004,204.830002,204.830002,775500,1.97895817039537
183,183,2018-12-28,207.210007,209.770996,202.800003,205.759995,205.759995,752200,1.995480204983481
184,184,2018-12-31,207.779999,210.699997,205.979996,210.699997,210.699997,742300,1.976554332841305
185,185,2019-01-02,205.0,213.419998,202.350006,210.550003,210.550003,652100,2.000712391345822
186,186,2019-01-03,205.389999,207.970001,199.205002,199.600006,199.600006,800600,2.054859702759728
187,187,2019-01-04,204.289993,204.839996,200.679993,202.470001,202.470001,1185000,1.9858250852678172
188,188,2019-01-07,209.149994,213.440002,205.619995,209.919998,209.919998,1320800,1.964510303587179
189,189,2019-01-08,213.669998,215.119995,210.380005,214.27999900000003,214.27999900000003,763900,1.9796527859793391
190,190,2019-01-09,215.210007,218.949997,214.02999900000003,216.949997,216.949997,571600,1.9876930258726855
191,191,2019-01-10,215.320007,219.134003,214.100006,217.960007,217.960007,408300,1.9953660764931063
192,192,2019-01-11,215.960007,218.940002,214.00999500000003,218.100006,218.100006,406000,1.9993580972207767
193,193,2019-01-14,216.089996,217.899994,214.490005,215.580002,215.580002,422200,2.011689414494022
194,194,2019-01-15,216.440002,223.5,216.440002,222.850006,222.850006,706700,1.9673771424533866
195,195,2019-01-16,222.880005,227.25,220.929993,221.240005,221.240005,527000,2.0072771694251226
196,196,2019-01-17,219.789993,222.149994,219.639999,221.02999900000003,221.02999900000003,686800,2.000950124421798
197,197,2019-01-18,229.190002,233.160004,225.0,232.080002,232.080002,1465700,1.9523870953775673
198,198,2019-01-22,230.0,230.240005,221.669998,222.990005,222.990005,823800,2.040764145460242
199,199,2019-01-23,224.979996,227.227005,220.00999500000003,222.289993,222.289993,449700,2.0031490936256406
200,200,2019-01-24,222.52999900000003,226.899994,222.52999900000003,226.449997,226.449997,406900,1.9816294808782888
201,201,2019-01-25,227.979996,228.800003,226.00999500000003,227.25999500000003,227.25999500000003,746800,1.9964358091268988
202,202,2019-01-28,223.5,223.50999500000003,211.339996,215.320007,215.320007,1161600,2.0554522924569665
203,203,2019-01-29,215.149994,216.00999500000003,205.399994,206.419998,206.419998,1016900,2.0431160211521755
204,204,2019-01-30,209.0,210.729996,204.934998,210.240005,210.240005,834000,1.9818302563301402
205,205,2019-01-31,210.5,216.070007,210.25,214.77999900000003,214.77999900000003,614000,1.9788621192795515
206,206,2019-02-01,215.330002,222.809998,215.270004,220.5,220.5,853300,1.9740589523809526
207,207,2019-02-04,220.080002,221.917007,217.160004,218.429993,218.429993,501800,2.009476752581318
208,208,2019-02-05,218.889999,226.0,218.889999,224.02999900000003,224.02999900000003,660500,1.9750033208722193
209,209,2019-02-06,224.460007,227.0,222.770004,224.669998,224.669998,529800,1.997151382001615
210,210,2019-02-07,222.839996,224.0,218.399994,220.27999900000003,220.27999900000003,400300,2.019929176593105
211,211,2019-02-08,218.440002,226.389999,218.440002,226.339996,226.339996,707700,1.9732261327776996
212,212,2019-02-11,227.729996,230.800003,227.240005,229.179993,229.179993,727300,1.9876080064283796
213,213,2019-02-12,231.320007,239.399994,230.630005,238.449997,238.449997,1351100,1.9611239080871115
214,214,2019-02-13,240.0,240.5,233.764999,236.399994,236.399994,977200,2.0086717557192495
215,215,2019-02-14,236.770004,242.339996,236.052994,240.77999900000003,240.77999900000003,1586300,1.9818090995174393
216,216,2019-02-15,259.75,268.613007,254.800003,263.950012,263.950012,4090100,1.91221817788741
217,217,2019-02-19,264.589996,272.720001,263.679993,269.579987,269.579987,1911100,1.9791157531289594
218,218,2019-02-20,270.170013,274.815002,267.220001,270.720001,270.720001,1128600,1.9957889553938053
219,219,2019-02-21,268.190002,271.869995,266.54599,270.5,270.5,689700,2.0008133123844734
220,220,2019-02-22,271.880005,275.350006,270.820007,274.970001,274.970001,746400,1.9837436775512103
221,221,2019-02-25,278.5,283.01001,278.5,279.299988,279.299988,874300,1.9844970025562623
222,222,2019-02-26,278.25,281.859985,278.25,280.52999900000003,280.52999900000003,654800,1.9956154029715731
223,223,2019-02-27,280.5,285.0,280.100006,283.98999,283.98999,690600,1.9878165036732458
224,224,2019-02-28,283.98999,286.549988,281.964996,285.25,285.25,660400,1.9955827870289222
225,225,2019-03-01,287.600006,288.48999,283.829987,286.540009,286.540009,837900,1.9954979794811134
226,226,2019-03-04,288.0,289.769989,279.46200600000003,284.399994,284.399994,787400,2.0075246661221797
227,227,2019-03-05,284.7799990000001,285.220001,276.040009,277.77999900000003,277.77999900000003,1087700,2.0238317914314625
228,228,2019-03-06,277.109985,279.0,268.730011,275.100006,275.100006,896200,2.0097418863742225
229,229,2019-03-07,275.540009,278.0,271.420013,276.230011,276.230011,550900,1.995909188158415
230,230,2019-03-08,269.519989,275.329987,266.630005,274.549988,274.549988,555600,2.0061191880292486
231,231,2019-03-11,275.230011,283.5299990000001,275.230011,281.799988,281.799988,568800,1.9742725326162895
232,232,2019-03-12,283.040009,287.2799990000001,281.220001,285.089996,285.089996,715000,1.9884597564061839
233,233,2019-03-13,288.859985,296.0,287.100006,292.51001,292.51001,1145500,1.9746332988741135
234,234,2019-03-14,291.809998,293.964996,289.821991,292.609985,292.609985,509700,1.9996583336006117
235,235,2019-03-15,294.799988,299.589996,293.329987,296.76001,296.76001,1026500,1.986015551758473
236,236,2019-03-18,296.76001,304.970001,294.821991,299.200012,299.200012,1042100,1.9918449134286798
237,237,2019-03-19,300.48999,300.75,294.600006,295.179993,295.179993,904500,2.013618873552856
238,238,2019-03-20,297.549988,300.019989,294.940002,298.450012,298.450012,592200,1.989043327631027
239,239,2019-03-21,304.609985,316.670013,303.160004,315.019989,315.019989,1665100,1.9474002362434213
240,240,2019-03-22,312.329987,314.899994,299.589996,300.160004,300.160004,1134800,2.049506879004439
241,241,2019-03-25,298.119995,302.399994,295.179993,301.230011,301.230011,624200,1.9964478738474698
242,242,2019-03-26,305.600006,314.278015,305.559998,309.799988,309.799988,959000,1.9723370647774203
243,243,2019-03-27,310.980011,314.079987,305.5299990000001,311.329987,311.329987,785800,1.9950856034950466
244,244,2019-03-28,312.23999,315.179993,309.929993,312.299988,312.299988,632500,1.996894008846392
245,245,2019-03-29,314.950012,316.234985,311.700012,314.459991,314.459991,670000,1.9931310721178515
246,246,2019-04-01,318.73999,319.410004,314.700012,318.359985,318.359985,794600,1.987749735570568
247,247,2019-04-02,318.959991,320.880005,317.049988,318.429993,318.429993,645600,1.9997801463381621
248,248,2019-04-03,322.769989,325.0,319.649994,321.75,321.75,770600,1.989681407925408
249,249,2019-04-04,322.0,323.980011,310.470001,313.149994,313.149994,960800,2.027462896901732
250,250,2019-04-05,314.320007,315.940002,310.964996,311.059998,311.059998,877000,2.0067189481561045
251,251,2019-04-08,310.209991,317.070007,306.463013,316.899994,316.899994,588700,1.9815714859243578
252,252,2019-04-09,315.799988,319.309998,314.247986,317.190002,317.190002,442600,1.999085696276139
253,253,2019-04-10,317.649994,323.01001,317.595001,322.25,322.25,637300,1.9842979115593484
254,254,2019-04-11,324.0,324.0,319.200012,322.230011,322.230011,550800,2.0000620333281125
255,255,2019-04-12,325.0,326.494995,323.119995,324.769989,324.769989,464900,1.9921791480554565
256,256,2019-04-15,324.910004,329.25,324.290009,327.339996,327.339996,543700,1.9921488145921529
257,257,2019-04-16,329.51001,330.5299990000001,326.76001,328.540009,328.540009,597900,1.9963474372462198
258,258,2019-04-17,331.0,331.269989,326.2290040000001,328.040009,328.040009,530200,2.0015242043235038
259,259,2019-04-18,328.459991,329.339996,320.119995,323.380005,323.380005,769800,2.0144103034447047
260,260,2019-04-22,323.0,328.5,322.230011,327.600006,327.600006,515500,1.9871184343018602
261,261,2019-04-23,322.730011,326.009003,315.640015,321.059998,321.059998,1103500,2.020370049338878
262,262,2019-04-24,321.149994,328.2569890000001,321.149994,325.230011,325.230011,784100,1.9871782650463954
263,263,2019-04-25,323.570007,324.609985,314.399994,318.109985,318.109985,703900,2.0223822776264
264,264,2019-04-26,317.089996,322.25,316.230011,320.399994,320.399994,629500,1.9928526559210857
265,265,2019-04-29,321.429993,322.829987,316.549988,316.880005,316.880005,711500,2.0111082710946055
266,266,2019-04-30,315.619995,316.065002,306.950012,312.290009,312.290009,1269800,2.014697863741136
267,267,2019-05-01,314.880005,316.220001,310.410004,310.459991,310.459991,853400,2.005894537309318
268,268,2019-05-02,309.26001,315.664001,308.359985,310.850006,310.850006,1423500,1.998745327352511
269,269,2019-05-03,261.899994,278.440002,251.0,278.410004,278.410004,5828600,2.116518808713497
270,270,2019-05-06,268.0,273.399994,262.0,273.309998,273.309998,2337800,2.018660151612895
271,271,2019-05-07,270.570007,271.143005,261.18701200000004,265.670013,265.670013,1644500,2.0287574232173506
272,272,2019-05-08,265.679993,269.744995,261.799988,266.25,266.25,1332300,1.9978216450704223
273,273,2019-05-09,263.329987,268.690002,259.5,267.429993,267.429993,1099000,1.9955876564675374
274,274,2019-05-10,265.809998,267.880005,258.23999,264.220001,264.220001,1153500,2.0121489364463367
275,275,2019-05-13,256.440002,258.140015,243.393005,243.899994,243.899994,1721400,2.0833128638781355
276,276,2019-05-14,247.520004,252.729996,246.5,248.880005,248.880005,1483700,1.9799903130024445
277,277,2019-05-15,246.910004,250.050003,246.0,248.699997,248.699997,881100,2.000723795746568
278,278,2019-05-16,251.190002,255.25,250.399994,253.619995,253.619995,788000,1.9806009064860994
279,279,2019-05-17,249.820007,253.945007,248.589996,250.119995,250.119995,1309700,2.0139932835037837
280,280,2019-05-20,247.5,248.25999500000003,242.639999,244.949997,244.949997,795200,2.0211063403278997
281,281,2019-05-21,246.27999900000003,253.949997,246.27999900000003,252.949997,252.949997,1134900,1.9683731959087551
282,282,2019-05-22,252.0,255.33799700000003,251.240005,253.139999,253.139999,848500,1.9992494192907064
283,283,2019-05-23,249.070007,255.27999900000003,248.149994,254.380005,254.380005,1162600,1.9951253794495363
284,284,2019-05-24,256.869995,259.47699,254.77999900000003,255.940002,255.940002,875000,1.9939048332116527
285,285,2019-05-28,256.519989,259.160004,252.90499900000003,253.339996,253.339996,567200,2.01026291166437
286,286,2019-05-29,250.75999500000003,251.710007,245.770004,247.5,247.5,623000,2.023595943434344
287,287,2019-05-30,249.820007,251.330002,246.669998,247.970001,247.970001,409600,1.9981046054034577
288,288,2019-05-31,244.119995,246.889999,243.350006,244.589996,244.589996,692200,2.0138190647830094
289,289,2019-06-03,243.740005,246.929993,240.679993,241.360001,241.360001,1064100,2.0133824783999734
290,290,2019-06-04,245.039993,254.860001,244.266998,254.710007,254.710007,835100,1.947587430281057
291,291,2019-06-05,257.790009,263.730011,254.910004,263.630005,263.630005,1489600,1.9661647087553635
292,292,2019-06-06,264.100006,265.910004,253.589996,257.179993,257.179993,1109000,2.025079758051008
293,293,2019-06-07,250.660004,251.0,236.539993,246.440002,246.440002,2086700,2.0435805506932274
294,294,2019-06-10,247.839996,255.729996,247.839996,250.070007,250.070007,1119600,1.985484044873882
295,295,2019-06-11,252.0,254.070007,241.115005,243.0,243.0,844800,2.0290946790123456
296,296,2019-06-12,242.679993,246.951004,242.449997,243.880005,243.880005,679200,1.9963916476055508
297,297,2019-06-13,245.720001,245.720001,239.889999,242.00999500000003,242.00999500000003,1246200,2.0077269949119247
298,298,2019-06-14,240.5,241.5,232.300003,236.080002,236.080002,946200,2.0251185739993343
299,299,2019-06-17,236.889999,241.179993,236.889999,238.600006,238.600006,902300,1.9894383741130335
300,300,2019-06-18,241.300003,247.25,241.300003,242.059998,242.059998,686000,1.985706056231563
301,301,2019-06-19,244.020004,245.910004,242.059998,243.160004,243.160004,632900,1.9954762050423394
302,302,2019-06-20,248.0,250.5,244.02999900000003,248.729996,248.729996,705200,1.977606271500925
303,303,2019-06-21,248.929993,254.610001,248.080002,253.389999,253.389999,1477500,1.9816093649378799
304,304,2019-06-24,253.27999900000003,255.25,250.919006,252.089996,252.089996,869500,2.0051569003952063
305,305,2019-06-25,251.710007,251.899994,245.410004,246.380005,246.380005,574700,2.0231755454343787
306,306,2019-06-26,250.77999900000003,257.970001,249.0,255.309998,255.309998,1437100,1.965022940464713
307,307,2019-06-27,256.790009,262.579987,256.640015,257.98999,257.98999,1149500,1.9896120310714382
308,308,2019-06-28,259.0,260.440002,254.880005,259.619995,259.619995,813900,1.9937215737177716
309,309,2019-07-01,265.470001,266.954987,261.350006,262.839996,262.839996,664800,1.9877491970438166
310,310,2019-07-02,262.829987,265.950012,261.380005,265.299988,265.299988,570100,1.9907275080615532
311,311,2019-07-03,265.880005,268.940002,264.649994,268.859985,268.859985,830700,1.9867589184013383
312,312,2019-07-05,268.100006,271.130005,265.950012,270.73999,270.73999,571600,1.993056049828472
313,313,2019-07-08,269.459991,269.76001,266.149994,268.0,268.0,615000,2.0102238432835824
314,314,2019-07-09,265.98999,271.140015,265.299988,270.549988,270.549988,525600,1.9905747990644893
315,315,2019-07-10,272.170013,274.388,269.589996,270.390015,270.390015,463600,2.0005916379715423
316,316,2019-07-11,271.359985,272.540009,268.369995,271.899994,271.899994,535900,1.9944465647910241
317,317,2019-07-12,272.0,276.119995,272.0,274.26001,274.26001,456700,1.9913949685920307
318,318,2019-07-15,276.309998,278.200012,274.484985,277.640015,277.640015,640700,1.9878259443257846
319,319,2019-07-16,276.0,277.98999,272.63501,275.51001,275.51001,639900,2.007731134705414
320,320,2019-07-17,275.619995,280.625,275.102997,277.429993,277.429993,597100,1.9930793964299311
321,321,2019-07-18,277.27999900000003,278.494995,273.410004,275.48999,275.48999,758700,2.0070420090399654
322,322,2019-07-19,282.119995,287.609985,278.540009,282.73999,282.73999,1033500,1.9743580665755842
323,323,2019-07-22,283.820007,289.450012,282.73999,287.359985,287.359985,672200,1.9839226223511948
324,324,2019-07-23,288.450012,288.799988,273.910004,276.350006,276.350006,1280400,2.0398407047619167
325,325,2019-07-24,277.02999900000003,279.850006,276.470001,279.190002,279.190002,756000,1.9898277302924334
326,326,2019-07-25,278.649994,278.98999,262.700012,267.410004,267.410004,1263800,2.044052196341914
327,327,2019-07-26,268.77999900000003,273.820007,266.540009,272.980011,272.980011,677500,1.9795955499466955
328,328,2019-07-29,272.5,272.670013,266.282013,272.230011,272.230011,671500,2.002755023214542
329,329,2019-07-30,272.23999,275.869995,269.559998,274.27999900000003,274.27999900000003,642900,1.9925259296796187
330,330,2019-07-31,274.299988,279.23999,271.144989,273.450012,273.450012,687400,2.0030352421414412
331,331,2019-08-01,273.220001,278.470001,268.369995,272.220001,272.220001,1178800,2.004518444623766
332,332,2019-08-02,254.75,255.0,240.229996,244.119995,244.119995,2991400,2.1151073512024285
333,333,2019-08-05,236.990005,238.0,229.050003,230.949997,230.949997,1503900,2.0570253222389088
334,334,2019-08-06,235.50999500000003,236.899994,230.199997,235.820007,235.820007,948600,1.9793486139621732
335,335,2019-08-07,230.970001,235.320007,230.179993,235.0,235.0,765000,2.003489391489362
336,336,2019-08-08,237.740005,240.75999500000003,234.139999,234.490005,234.490005,949200,2.0021749114637104
337,337,2019-08-09,232.75,232.75,226.190002,228.729996,228.729996,1222300,2.025182569408168
338,338,2019-08-12,227.02999900000003,227.378006,223.001007,224.470001,224.470001,717500,2.018978014794948
339,339,2019-08-13,224.479996,233.990005,223.0,230.820007,230.820007,807400,1.9724893605085108
340,340,2019-08-14,226.070007,226.970001,218.350006,219.429993,219.429993,1139200,2.0519072796032947
341,341,2019-08-15,219.130005,220.0,214.050003,216.690002,216.690002,1116700,2.0126447504486156
342,342,2019-08-16,219.0,222.570007,218.940002,221.179993,221.179993,769400,1.979699832072967
343,343,2019-08-19,226.0,226.899994,222.919998,223.470001,223.470001,662900,1.989752503737627
344,344,2019-08-20,222.309998,223.300003,219.0,219.190002,219.190002,551500,2.019526433509499
345,345,2019-08-21,222.330002,227.0,221.00999500000003,226.539993,226.539993,737000,1.9675554373306616
346,346,2019-08-22,227.860001,229.0,225.869995,227.27999900000003,227.27999900000003,657400,1.9967440777751853
347,347,2019-08-23,226.25999500000003,229.384003,222.559998,223.399994,223.399994,781200,2.0173679727135534
348,348,2019-08-26,225.979996,226.820007,220.729996,223.199997,223.199997,429300,2.0008960439188535
349,349,2019-08-27,224.369995,224.949997,220.720001,223.77999900000003,223.77999900000003,520600,1.9974081597882212
350,350,2019-08-28,221.550003,224.25,219.410004,222.479996,222.479996,496400,2.005843235452054
351,351,2019-08-29,225.75999500000003,229.889999,224.52999900000003,227.410004,227.410004,464000,1.9783210592617553
352,352,2019-08-30,227.0,228.119995,223.781998,226.619995,226.619995,545000,2.003486051616937
353,353,2019-09-03,225.899994,228.5,222.106995,224.289993,224.289993,445900,2.0103883457698446
354,354,2019-09-04,225.690002,227.940002,225.110001,226.229996,226.229996,594000,1.9914246429107483
355,355,2019-09-05,229.410004,236.419998,228.923004,235.380005,235.380005,737900,1.9611266513483165
356,356,2019-09-06,236.0,237.264008,234.00999500000003,235.699997,235.699997,558600,1.9986423758842902
357,357,2019-09-09,237.360001,238.507004,227.830002,231.130005,231.130005,720500,2.0197723874059537
358,358,2019-09-10,229.789993,238.0,227.460007,237.940002,237.940002,703800,1.9713793521780336
359,359,2019-09-11,239.0,247.059998,238.0,246.809998,246.809998,896500,1.9640614396828446
360,360,2019-09-12,247.600006,251.389999,247.520004,249.940002,249.940002,1001500,1.9874769785750421
361,361,2019-09-13,249.25,250.0,243.27999900000003,243.75999500000003,243.75999500000003,607000,2.025352835275534
362,362,2019-09-16,241.589996,246.093002,240.820007,244.190002,244.190002,340100,1.998239047477464
363,363,2019-09-17,242.75999500000003,245.979996,242.00999500000003,244.449997,244.449997,620500,1.9989364082503958
364,364,2019-09-18,245.899994,247.410004,243.539993,246.600006,246.600006,709400,1.9912813911285954
365,365,2019-09-19,246.720001,251.854996,243.449997,244.130005,244.130005,610400,2.0101175642051863
366,366,2019-09-20,245.479996,245.850006,239.449997,240.059998,240.059998,777000,2.016954124110257
367,367,2019-09-23,240.080002,243.149994,238.539993,240.75,240.75,589200,1.99713394807892
368,368,2019-09-24,243.240005,243.27999900000003,235.718994,238.039993,238.039993,607200,2.011384670978376
369,369,2019-09-25,237.320007,242.289993,233.02999900000003,241.559998,241.559998,441100,1.9854280301823817
370,370,2019-09-26,240.339996,244.720001,237.830002,244.00999500000003,244.00999500000003,377900,1.989959439981137
371,371,2019-09-27,245.0,247.720001,240.729996,242.77999900000003,242.77999900000003,417200,2.005066298727516
372,372,2019-09-30,242.77999900000003,243.039993,238.380005,238.919998,238.919998,745000,2.016156039813796
373,373,2019-10-01,240.270004,241.490005,229.5,230.350006,230.350006,723300,2.037204218696656
374,374,2019-10-02,227.479996,228.690002,222.354996,228.330002,228.330002,589200,2.0088468619204938
375,375,2019-10-03,220.919998,224.339996,215.25999500000003,224.339996,224.339996,923300,2.0177855312077297
376,376,2019-10-04,224.389999,228.910004,224.179993,228.570007,228.570007,330300,1.9814935867766763
377,377,2019-10-07,230.050003,232.550003,229.470001,230.940002,230.940002,355500,1.9897376159198266
378,378,2019-10-08,230.080002,231.410004,225.106995,229.100006,229.100006,443500,2.00803140965435
379,379,2019-10-09,231.00999500000003,231.919998,227.50999500000003,230.02999900000003,230.02999900000003,462900,1.9959570794937924
380,380,2019-10-10,228.559998,228.869995,225.5,227.720001,227.720001,687500,2.010144027708835
381,381,2019-10-11,232.720001,238.740005,230.755997,236.440002,236.440002,557100,1.9631196035939806
382,382,2019-10-14,236.369995,236.94400000000002,233.309998,234.770004,234.770004,321400,2.0071133363357614
383,383,2019-10-15,235.910004,243.580002,235.419998,240.970001,240.970001,493100,1.974270668654726
384,384,2019-10-16,238.770004,239.990005,235.589996,239.080002,239.080002,445700,2.007905299415214
385,385,2019-10-17,240.210007,241.770004,238.119995,241.50999500000003,241.50999500000003,394700,1.9899383336080976
386,386,2019-10-18,239.619995,241.123001,237.100006,239.429993,239.429993,358500,2.0086873076089513
387,387,2019-10-21,242.270004,246.169998,241.229996,243.839996,243.839996,463500,1.98191435747891
388,388,2019-10-22,245.559998,246.119995,239.940002,241.5,241.5,471900,2.009689424430642
389,389,2019-10-23,241.860001,246.781998,240.0,246.610001,246.610001,372700,1.979279019588504
390,390,2019-10-24,246.00999500000003,246.399994,234.695007,239.320007,239.320007,812500,2.030461281074591
391,391,2019-10-25,242.600006,245.25999500000003,240.00999500000003,244.360001,244.360001,709300,1.979374717714132
392,392,2019-10-28,246.5,251.740005,245.914993,248.899994,248.899994,672300,1.9817597705526664
393,393,2019-10-29,248.0,249.52999900000003,245.429993,245.960007,245.960007,359100,2.011953109921647
394,394,2019-10-30,246.0,247.899994,243.110001,246.270004,246.270004,489600,1.9987412311894874
395,395,2019-10-31,247.800003,247.800003,242.362,244.570007,244.570007,1481800,2.006950962715555
396,396,2019-11-01,173.660004,189.339996,173.309998,185.300003,185.300003,10478600,2.3198597034021633
397,397,2019-11-04,187.610001,192.567001,187.0,191.270004,191.270004,2596800,1.9687875731941744
398,398,2019-11-05,192.160004,192.490005,184.25,188.779999,188.779999,1854900,2.0131899831189215
399,399,2019-11-06,189.899994,192.779999,188.399994,190.429993,190.429993,1307000,1.9913354300233577
400,400,2019-11-07,192.0,196.990005,191.860001,194.440002,194.440002,1302600,1.9793766253921352
401,401,2019-11-08,194.860001,194.929993,192.003006,192.610001,192.610001,808800,2.0095010694693887
402,402,2019-11-11,191.470001,192.889999,189.225006,191.169998,191.169998,658300,2.0075325784122255
403,403,2019-11-12,190.660004,194.479996,190.660004,193.970001,193.970001,925200,1.9855647626665733
404,404,2019-11-13,193.899994,195.852005,190.25,190.649994,190.649994,591200,2.017414146889509
405,405,2019-11-14,189.589996,191.130005,187.800003,190.559998,190.559998,1142700,2.0004722712056284
406,406,2019-11-15,192.479996,193.910004,190.210007,192.619995,192.619995,834800,1.989305383379332
407,407,2019-11-18,192.089996,195.490005,191.520004,193.020004,193.020004,840400,1.9979276293041626
408,408,2019-11-19,195.490005,196.343994,193.279999,194.0,194.0,582100,1.994948474226804
409,409,2019-11-20,193.996994,195.919998,192.5,194.039993,194.039993,752900,1.9997938930043146
410,410,2019-11-21,194.0,194.389999,191.699997,192.0,192.0,850900,2.0106249635416664
411,411,2019-11-22,193.259995,194.740005,192.179993,194.490005,194.490005,914100,1.9871972598283392
412,412,2019-11-25,195.0,198.559998,194.990005,197.910004,197.910004,555800,1.9827194233192982
413,413,2019-11-26,198.0,199.199997,194.899994,196.270004,196.270004,670300,2.0083558361775955
414,414,2019-11-27,196.490005,196.850006,194.332993,195.600006,195.600006,560500,2.0034253475431893
415,415,2019-11-29,195.240005,196.220001,194.330002,195.130005,195.130005,264700,2.00240865570623
416,416,2019-12-02,195.389999,195.389999,190.889999,193.130005,193.130005,635800,2.0103557186776855
417,417,2019-12-03,190.0,192.179993,188.169998,191.990005,191.990005,624600,2.0059378091062605
418,418,2019-12-04,193.070007,195.039993,191.373001,193.699997,193.699997,525000,1.9911719564972425
419,419,2019-12-05,193.149994,193.809998,190.770004,191.649994,191.649994,621800,2.0106965982999196
420,420,2019-12-06,192.419998,193.164993,189.869995,190.210007,190.210007,626200,2.0075705112612714
421,421,2019-12-09,190.259995,190.815002,188.360001,190.320007,190.320007,754100,1.9994220260826283
422,422,2019-12-10,191.059998,194.860001,189.630005,192.139999,192.139999,772200,1.9905277817764537
423,423,2019-12-11,192.139999,193.509995,190.0,191.229996,191.229996,877900,2.0047586833605333
424,424,2019-12-12,191.610001,194.899994,190.337997,192.699997,192.699997,922000,1.9923715567053173
425,425,2019-12-13,193.0,194.990005,191.854996,192.919998,192.919998,887400,1.9988596257397848
426,426,2019-12-16,194.169998,200.860001,194.0,198.639999,198.639999,1131900,1.9712041833024776
427,427,2019-12-17,198.600006,199.860001,197.610001,199.0,199.0,594300,1.9981909497487436
428,428,2019-12-18,199.0,200.231995,198.75,200.020004,200.020004,687900,1.9949004900529848
429,429,2019-12-19,199.449997,205.520004,198.380005,203.75,203.75,984000,1.981693271165644
430,430,2019-12-20,204.630005,206.919998,202.539993,206.149994,206.149994,1711800,1.9883580205197582
431,431,2019-12-23,206.5,208.589996,204.052002,204.869995,204.869995,905200,2.0062478597707782
432,432,2019-12-24,204.869995,204.869995,203.779007,204.639999,204.639999,264000,2.001123905400332
433,433,2019-12-26,204.639999,205.800003,204.210007,205.610001,205.610001,394700,1.9952823209217336
434,434,2019-12-27,205.710007,205.919998,203.949997,204.429993,204.429993,554600,2.0057721862760127
435,435,2019-12-30,204.350006,204.690002,201.639999,203.130005,203.130005,708000,2.006399783232418
436,436,2019-12-31,202.679993,204.580002,202.100006,203.399994,203.399994,547600,1.9986726204131549
437,437,2020-01-02,205.679993,207.235001,203.100006,204.720001,204.720001,624500,1.9935521346543956
438,438,2020-01-03,200.0,203.830002,198.479996,200.850006,200.850006,766900,2.0192680850604505
439,439,2020-01-06,198.789993,203.169998,198.0,202.860001,202.860001,516000,1.990091713545836
440,440,2020-01-07,202.860001,205.429993,201.300003,204.850006,204.850006,532900,1.9902855506872672
441,441,2020-01-08,204.850006,207.789993,204.630005,206.979996,206.979996,673800,1.9897091987575457
442,442,2020-01-09,208.5,208.899994,205.929993,206.800003,206.800003,475400,2.000870372327799
443,443,2020-01-10,207.199997,209.660004,206.139999,207.460007,207.460007,456500,1.9968186446653304
444,444,2020-01-13,208.050003,211.5,207.899994,211.149994,211.149994,607300,1.982524332915681
445,445,2020-01-14,211.910004,214.350006,211.110001,213.050003,213.050003,647000,1.9910818635379226
446,446,2020-01-15,211.020004,216.190002,210.720001,213.389999,213.389999,581100,1.9984066919649783
447,447,2020-01-16,215.990005,219.410004,214.570007,219.25,219.25,639400,1.9732725153933866
448,448,2020-01-17,220.0,222.720001,219.175003,221.869995,221.869995,996200,1.9881913054534484
449,449,2020-01-21,221.309998,224.0,219.300003,221.240005,221.240005,619800,2.0028475410674487
450,450,2020-01-22,222.0,225.910004,221.669998,222.720001,222.720001,452300,1.9933549030470776
451,451,2020-01-23,224.139999,230.979996,221.479996,230.059998,230.059998,847100,1.9680952922550228
452,452,2020-01-24,234.75,241.889999,234.339996,238.050003,238.050003,1608800,1.966435602187327
453,453,2020-01-27,230.100006,236.710007,227.423004,234.970001,234.970001,1200700,2.0131080648035575
454,454,2020-01-28,235.440002,237.839996,234.75,236.720001,236.720001,616200,1.9926072997946633
455,455,2020-01-29,237.839996,239.020004,234.520004,235.050003,235.050003,452100,2.0071048627044688
456,456,2020-01-30,229.110001,233.630005,228.149994,231.740005,231.740005,691200,2.0142832395295756
457,457,2020-01-31,230.539993,230.539993,222.839996,223.339996,223.339996,1000800,2.0376108585584465
458,458,2020-02-03,225.649994,227.380005,223.639999,225.270004,225.270004,564400,1.9914324678575495
459,459,2020-02-04,228.550003,231.669998,227.919998,231.320007,231.320007,493500,1.973845742620957
460,460,2020-02-05,233.800003,234.630005,229.554993,229.910004,229.910004,658000,2.0061328475293316
461,461,2020-02-06,230.75999500000003,233.339996,229.02999900000003,232.520004,232.520004,464900,1.9887751593191956
462,462,2020-02-07,230.580002,233.410004,230.485001,231.770004,231.770004,470400,2.0032359666352684
463,463,2020-02-10,230.100006,234.554993,229.50999500000003,232.410004,232.410004,810100,1.9972462459060067
464,464,2020-02-11,233.809998,234.619995,230.25999500000003,231.5,231.5,709700,2.003930902807775
465,465,2020-02-12,231.830002,235.179993,231.02999900000003,234.460007,234.460007,836200,1.987375215765476
466,466,2020-02-13,232.5,241.350006,232.399994,237.619995,237.619995,1531200,1.986701506327361
467,467,2020-02-14,217.5,227.0,217.0,223.470001,223.470001,2114500,2.0633194340926324
468,468,2020-02-18,223.179993,226.300003,220.389999,225.789993,225.789993,861000,1.9897250007886753
469,469,2020-02-19,225.970001,227.440002,223.02999900000003,225.020004,225.020004,719000,2.0034218691063574
470,470,2020-02-20,224.399994,228.75999500000003,223.639999,228.27999900000003,228.27999900000003,747000,1.9857193139377927
471,471,2020-02-21,223.490005,224.570007,220.270004,223.460007,223.460007,964500,2.021569819426346
472,472,2020-02-24,209.990005,216.360001,209.350006,213.75,213.75,1030600,2.0454269333333333
473,473,2020-02-25,216.380005,217.490005,202.509995,205.990005,205.990005,1278600,2.037671706450029
474,474,2020-02-26,207.100006,209.130005,202.809998,203.139999,203.139999,822300,2.0140297627942787
475,475,2020-02-27,199.050003,203.470001,193.050003,193.179993,193.179993,1099000,2.051558165239192
476,476,2020-02-28,187.009995,196.110001,185.779999,193.119995,193.119995,1217200,2.0003106773071324
477,477,2020-03-02,194.679993,197.179993,190.149994,196.589996,196.589996,916200,1.9823490458792214
478,478,2020-03-03,196.490005,198.850006,188.619995,191.75,191.75,698800,2.0252411786179922
479,479,2020-03-04,197.729996,201.860001,193.279999,201.630005,201.630005,714200,1.9509993316718905
480,480,2020-03-05,196.929993,201.960007,195.899994,196.559998,196.559998,560000,2.0257936866686377
481,481,2020-03-06,191.559998,195.309998,186.789993,190.779999,190.779999,965300,2.030296671717668
482,482,2020-03-09,177.389999,189.619995,177.389999,185.690002,185.690002,1177300,2.027411260408086
483,483,2020-03-10,189.509995,200.434998,184.470001,199.960007,199.960007,1359600,1.928635704638678
484,484,2020-03-11,194.679993,196.089996,181.154999,182.199997,182.199997,1460000,2.097475358355796
485,485,2020-03-12,168.660004,174.190002,162.580002,162.889999,162.889999,2067400,2.118546246660607
486,486,2020-03-13,171.470001,177.050003,157.429993,176.759995,176.759995,1073300,1.9215320412291252
487,487,2020-03-16,161.160004,171.229996,156.889999,157.03999299999995,157.03999299999995,1029700,2.1255731207272794
488,488,2020-03-17,160.910004,172.259995,157.654007,168.199997,168.199997,1494500,1.9336503912066059
489,489,2020-03-18,157.729996,185.320007,157.729996,177.0,177.0,1988000,1.9502824689265537
490,490,2020-03-19,175.729996,189.720001,172.649994,177.880005,177.880005,933000,1.9950528166445687
491,491,2020-03-20,180.529999,187.766998,163.509995,164.479996,164.479996,1143600,2.081468928294478
492,492,2020-03-23,163.949997,167.649994,156.630005,161.880005,161.880005,981700,2.016061223867642
493,493,2020-03-24,171.720001,189.529999,170.994995,186.559998,186.559998,1473800,1.86771015617185
494,494,2020-03-25,187.5,196.688004,185.029999,188.330002,188.330002,1514600,1.9906015824286987
495,495,2020-03-26,188.669998,202.660004,186.535004,200.570007,200.570007,1187400,1.9389739015165912
496,496,2020-03-27,193.220001,196.160004,189.785004,191.289993,191.289993,915300,2.048512804326361
497,497,2020-03-30,191.009995,206.940002,189.080002,205.729996,205.729996,1040100,1.929810901274698
498,498,2020-03-31,204.380005,208.617996,199.220001,202.550003,202.550003,1132100,2.0156997924112594
499,499,2020-04-01,194.589996,199.559998,188.990005,192.770004,192.770004,860200,2.050734029138683
500,500,2020-04-02,190.25,198.130005,189.059998,194.100006,194.100006,663500,1.9931478518346875
501,501,2020-04-03,193.690002,197.710007,192.179993,194.639999,194.639999,844400,1.9972256832985291
502,502,2020-04-06,200.300003,208.570007,198.720001,207.600006,207.600006,998300,1.9375722224208414
503,503,2020-04-07,213.0,215.440002,207.369995,209.139999,209.139999,851600,1.9926365448629462
504,504,2020-04-08,212.130005,215.869995,210.309998,214.589996,214.589996,794300,1.9746027442956846
505,505,2020-04-09,211.220001,212.5,206.350006,209.910004,209.910004,1384400,2.0222952308647475
506,506,2020-04-13,209.0,211.0,200.669998,202.080002,202.080002,875300,2.038747040392448
507,507,2020-04-14,206.809998,210.630005,205.0,207.309998,207.309998,731400,1.9747720995106082
508,508,2020-04-15,204.25,206.550003,201.520004,204.190002,204.190002,477200,2.015279866641071
509,509,2020-04-16,205.0,210.75999500000003,203.0,205.210007,205.210007,773900,1.9950294577983225
510,510,2020-04-17,209.970001,211.820007,205.449997,210.020004,210.020004,714300,1.9770974340139522
511,511,2020-04-20,209.190002,214.039993,208.020004,211.990005,211.990005,603900,1.9907071043278666
512,512,2020-04-21,210.080002,210.720001,200.0,200.050003,200.050003,719900,2.0596850878327655
513,513,2020-04-22,206.880005,212.809998,205.029999,211.369995,211.369995,579500,1.946444659754096
514,514,2020-04-23,211.25999500000003,213.660004,208.25,209.229996,209.229996,390000,2.01022797419544
515,515,2020-04-24,211.339996,216.919998,210.610992,216.809998,216.809998,629300,1.9650385034365434
516,516,2020-04-27,219.0,220.610001,215.744995,217.910004,217.910004,634900,1.994952016980368
517,517,2020-04-28,220.0,221.690002,217.149994,218.02999900000003,218.02999900000003,651300,1.9994496399552797
518,518,2020-04-29,221.830002,224.0,220.50999500000003,222.039993,222.039993,1080700,1.9819402174093927
519,519,2020-04-30,220.800003,221.339996,217.089996,219.300003,219.300003,744400,2.0124942542750444
520,520,2020-05-01,215.860001,216.02999900000003,205.720001,207.639999,207.639999,761700,2.0561549029866835
521,521,2020-05-04,206.800003,211.0,205.509995,211.0,211.0,612300,1.9840758246445498
522,522,2020-05-05,213.649994,221.550003,212.50999500000003,220.440002,220.440002,1256000,1.9571765472947147
523,523,2020-05-06,206.5,212.25,201.25,208.009995,208.009995,2490100,2.059756777552925
524,524,2020-05-07,212.220001,214.539993,209.639999,210.429993,210.429993,1104200,1.988499747752213
525,525,2020-05-08,213.27999900000003,218.770004,211.929993,218.00999500000003,218.00999500000003,1084700,1.9652309427372812
526,526,2020-05-11,217.130005,225.559998,215.320007,224.580002,224.580002,807900,1.9707453604885088
527,527,2020-05-12,228.110001,229.50999500000003,220.690002,221.100006,221.100006,932800,2.0157394658777172
528,528,2020-05-13,220.820007,223.860001,209.089996,213.720001,213.720001,1041400,2.0345311855019133
529,529,2020-05-14,209.839996,212.550003,202.600006,205.589996,205.589996,787200,2.039544750027623
530,530,2020-05-15,203.529999,210.979996,202.964996,210.449997,210.449997,822500,1.9769066235719641
531,531,2020-05-18,215.270004,219.190002,214.0,215.619995,215.619995,546600,1.9760226411284352
532,532,2020-05-19,215.479996,221.190002,214.639999,219.75999500000003,219.75999500000003,491100,1.9811612664079281
533,533,2020-05-20,222.479996,225.580002,221.940002,224.699997,224.699997,726300,1.97801512209188
534,534,2020-05-21,223.0,226.610001,222.369995,223.080002,223.080002,556500,2.00726194632184
535,535,2020-05-22,224.940002,225.800003,218.350006,220.169998,220.169998,478600,2.013217077832739
536,536,2020-05-26,224.0,227.375,222.02999900000003,222.350006,222.350006,419000,1.9901956017936873
537,537,2020-05-27,223.27999900000003,227.440002,218.770004,227.309998,227.309998,465100,1.978179613551358
538,538,2020-05-28,227.399994,229.309998,222.389999,222.919998,222.919998,612900,2.0196931636433986
539,539,2020-05-29,223.690002,234.440002,222.5,233.460007,233.460007,962600,1.9548530425598762
540,540,2020-06-01,232.990005,236.0,230.240005,234.639999,234.639999,540900,1.9949710535073777
541,541,2020-06-02,234.699997,234.699997,226.0,230.449997,230.449997,883900,2.0181818270971816
542,542,2020-06-03,230.399994,232.960007,228.082993,231.270004,231.270004,616500,1.996454330497612
543,543,2020-06-04,229.080002,232.925003,226.389999,228.660004,228.660004,450100,2.011414326748634
544,544,2020-06-05,234.0,237.190002,232.899994,235.169998,235.169998,550900,1.9723179229690686
545,545,2020-06-08,235.059998,237.0,230.449997,231.789993,231.789993,431500,2.014582186902262
546,546,2020-06-09,231.199997,234.479996,229.550003,231.399994,231.399994,428700,2.0016853889806066
547,547,2020-06-10,232.25999500000003,234.960007,229.619995,232.770004,232.770004,347200,1.9941143189566641
548,548,2020-06-11,228.0,228.0,217.649994,218.800003,218.800003,880900,2.0638482669490643
549,549,2020-06-12,226.00999500000003,227.399994,217.809998,222.77999900000003,222.77999900000003,615600,1.9821348594224564
550,550,2020-06-15,217.990005,226.699997,215.839996,225.850006,225.850006,432800,1.9864068766064147
551,551,2020-06-16,234.080002,235.27999900000003,227.949997,229.559998,229.559998,519200,1.9838386825565315
552,552,2020-06-17,230.52999900000003,231.393005,226.145004,226.539993,226.539993,572800,2.013331001559623
553,553,2020-06-18,223.179993,224.518997,216.00999500000003,219.449997,219.449997,1146200,2.0323080250486405
554,554,2020-06-19,223.0,223.27999900000003,213.770004,218.00999500000003,218.00999500000003,1192100,2.006605210921637
555,555,2020-06-22,217.580002,219.699997,215.809998,216.869995,216.869995,539500,2.005256605460797
556,556,2020-06-23,219.399994,219.399994,212.460007,215.619995,215.619995,834700,2.005797236012365
557,557,2020-06-24,214.889999,216.440002,207.160004,209.25,209.25,953200,2.0304420310633216
558,558,2020-06-25,208.419998,212.449997,206.130005,211.979996,211.979996,524600,1.9871214451763648
559,559,2020-06-26,211.869995,212.740997,207.699997,210.630005,210.630005,1018100,2.0064093005172743
560,560,2020-06-29,211.339996,211.339996,204.720001,206.910004,206.910004,765600,2.0179788358614115
561,561,2020-06-30,207.5,212.410004,207.199997,210.02999900000003,210.02999900000003,797400,1.9851450030240678
562,562,2020-07-01,210.589996,210.979996,207.289993,209.440002,209.440002,656800,2.0028170215544594
563,563,2020-07-02,211.449997,213.0,208.742004,210.50999500000003,210.50999500000003,486400,1.9949171392075706
564,564,2020-07-06,214.770004,216.300003,213.100006,214.449997,214.449997,455100,1.9816274093955808
565,565,2020-07-07,211.940002,215.380005,210.25999500000003,210.77999900000003,210.77999900000003,416400,2.0174115097135
566,566,2020-07-08,211.050003,215.00999500000003,211.050003,214.100006,214.100006,387200,1.9844931952033669
567,567,2020-07-09,215.380005,219.419998,213.210007,218.789993,218.789993,459600,1.9785639784722693
568,568,2020-07-10,217.949997,217.949997,212.399994,216.110001,216.110001,383700,2.0124010549608946
569,569,2020-07-13,218.850006,219.639999,210.960007,211.300003,211.300003,438800,2.022763833089013
570,570,2020-07-14,211.0,216.050003,208.660004,215.729996,215.729996,432100,1.9794651041480573
571,571,2020-07-15,218.809998,220.25,214.059998,215.139999,215.139999,448300,2.00274238636582
572,572,2020-07-16,213.130005,215.27999900000003,209.309998,215.119995,215.119995,420400,2.0000929899612543
573,573,2020-07-17,216.580002,220.729996,215.990005,219.570007,219.570007,377100,1.9797330607180788
574,574,2020-07-20,219.52999900000003,226.389999,219.0,225.440002,225.440002,458200,1.9739620522182215
575,575,2020-07-21,226.550003,229.619995,224.619003,228.789993,228.789993,727200,1.985357790539379
576,576,2020-07-22,228.690002,236.75,227.199997,233.830002,233.830002,645500,1.9784458411799526
577,577,2020-07-23,233.100006,242.31799300000003,232.75,239.300003,239.300003,854700,1.9771416592919975
578,578,2020-07-24,232.300003,238.589996,230.75,236.809998,236.809998,506400,2.010514779870063
579,579,2020-07-27,238.229996,248.369995,238.089996,245.830002,245.830002,795000,1.9633079610844244
580,580,2020-07-28,244.460007,244.860001,240.50999500000003,240.839996,240.839996,347800,2.020719174899837
581,581,2020-07-29,242.080002,247.570007,241.720001,246.919998,246.919998,451400,1.9753766319081212
582,582,2020-07-30,243.309998,250.100006,242.080002,249.389999,249.389999,469900,1.9900958297850588
583,583,2020-07-31,253.389999,259.799988,250.00999500000003,259.769989,259.769989,914300,1.9600416120431832
584,584,2020-08-03,260.0,262.0,257.27999900000003,260.51001,260.51001,761900,1.9971593375624992
585,585,2020-08-04,259.299988,267.299988,259.299988,263.98999,263.98999,1137000,1.9868177577490724
586,586,2020-08-05,248.0,248.00999500000003,234.110001,235.130005,235.130005,2511100,2.1227405451720207
587,587,2020-08-06,237.809998,240.69299300000003,233.494995,236.380005,236.380005,873500,1.9947119046723094
588,588,2020-08-07,235.020004,235.52999900000003,228.419998,230.800003,230.800003,1080000,2.0241767847810643
589,589,2020-08-10,230.360001,231.255005,221.929993,222.470001,222.470001,1257200,2.0374432595970546
590,590,2020-08-11,224.660004,224.764999,219.229996,219.979996,219.979996,1111000,2.011319233772511
591,591,2020-08-12,220.479996,222.511002,215.830002,216.240005,216.240005,789600,2.0172955554639396
592,592,2020-08-13,213.419998,217.580002,212.050003,216.309998,216.309998,1276400,1.9996764227236505
593,593,2020-08-14,216.240005,216.729996,212.639999,212.669998,212.669998,1099300,2.017115719350315
594,594,2020-08-17,213.970001,217.990005,212.940002,215.00999500000003,215.00999500000003,604500,1.989116798965555
595,595,2020-08-18,215.27999900000003,219.639999,213.520004,219.460007,219.460007,793200,1.979722902314498
596,596,2020-08-19,220.0,223.360001,219.656998,220.649994,220.649994,700700,1.994606902187362
597,597,2020-08-20,219.50999500000003,223.410004,218.429993,221.380005,221.380005,583200,1.9967024528705741
598,598,2020-08-21,219.740005,223.0,218.589996,222.570007,222.570007,525900,1.9946533586621131
599,599,2020-08-24,223.889999,226.130005,217.100006,218.830002,218.830002,588300,2.0170909151661935
600,600,2020-08-25,218.220001,220.610001,217.619995,219.429993,219.429993,394500,1.9972656837299356
601,601,2020-08-26,221.0,222.130005,218.227005,222.050003,222.050003,371600,1.9882008107876497
602,602,2020-08-27,223.0,224.27999900000003,220.270004,222.179993,222.179993,710700,1.9994149338189962
603,603,2020-08-28,222.00999500000003,225.360001,220.130005,222.039993,222.039993,548700,2.000630517043837
604,604,2020-08-31,221.479996,224.210007,219.380005,223.449997,223.449997,545200,1.9936898455183243
605,605,2020-09-01,224.139999,224.169998,220.559998,224.100006,224.100006,528000,1.9970994690647175
606,606,2020-09-02,224.399994,229.610001,223.360001,228.520004,228.520004,484600,1.9806581571738462
607,607,2020-09-03,224.660004,224.960007,212.5,216.820007,216.820007,982500,2.0539617960624823
608,608,2020-09-04,216.570007,217.899994,206.279999,211.100006,211.100006,815500,2.0270961669228944
609,609,2020-09-08,205.889999,210.050003,205.330002,207.190002,207.190002,882800,2.0188715862843614
610,610,2020-09-09,210.720001,213.100006,208.119995,211.809998,211.809998,743000,1.9781880173569522
611,611,2020-09-10,212.289993,215.199997,205.949997,206.130005,206.130005,731300,2.0275553915598072
612,612,2020-09-11,207.759995,209.210007,202.425003,203.809998,203.809998,711000,2.0113831854313644
613,613,2020-09-14,206.839996,208.414993,205.0,205.529999,205.529999,476600,1.9916313871047118
614,614,2020-09-15,205.100006,207.369995,203.679993,206.380005,206.380005,589200,1.9958813548822232
615,615,2020-09-16,207.119995,208.910004,205.789993,205.809998,205.809998,542700,2.002769578764585
616,616,2020-09-17,202.979996,204.639999,201.479996,202.460007,202.460007,850000,2.0165464332913907
617,617,2020-09-18,202.679993,203.699997,197.449997,200.979996,200.979996,1660200,2.007363971686018
618,618,2020-09-21,198.029999,198.410004,193.330002,195.100006,195.100006,897400,2.0301383383863145
619,619,2020-09-22,196.009995,200.830002,192.960007,199.929993,199.929993,692900,1.9758416087175072
620,620,2020-09-23,202.399994,203.279999,197.559998,198.479996,198.479996,732000,2.007305506999305
621,621,2020-09-24,196.789993,201.259995,196.320007,198.460007,198.460007,437600,2.0001007205446686
622,622,2020-09-25,199.0,201.610001,197.139999,200.639999,200.639999,431100,1.9891348085582876
623,623,2020-09-28,202.839996,207.384995,201.309998,205.050003,205.050003,791200,1.9784930312827158
624,624,2020-09-29,205.080002,212.0,204.949997,210.460007,210.460007,676400,1.9742943845858563
625,625,2020-09-30,210.460007,211.550003,205.115005,206.929993,206.929993,891800,2.0170589770425402
626,626,2020-10-01,208.5,209.25,205.080002,207.050003,207.050003,667600,1.9994203815587486
627,627,2020-10-02,203.5,211.190002,202.809998,203.899994,203.899994,493200,2.0154487939808376
628,628,2020-10-05,205.75,207.759995,204.199997,206.0,206.0,479100,1.9898057961165048
629,629,2020-10-06,205.410004,210.811005,205.410004,206.800003,206.800003,512300,1.9961315135957711
630,630,2020-10-07,209.229996,213.449997,207.904999,211.990005,211.990005,391300,1.9755177042427072
631,631,2020-10-08,221.0,228.740005,219.479996,222.490005,222.490005,1155300,1.9528068687849596
632,632,2020-10-09,224.630005,228.0,222.5,227.610001,227.610001,538200,1.9775053996858425
633,633,2020-10-12,224.5,229.024994,220.580002,228.25,228.25,957100,1.997196061336254
634,634,2020-10-13,227.5,228.735001,224.945007,225.839996,225.839996,468300,2.010671289597437
635,635,2020-10-14,228.100006,233.27999900000003,226.199997,228.02999900000003,228.02999900000003,606500,1.9903959873279653
636,636,2020-10-15,223.360001,226.229996,222.139999,226.229996,226.229996,465300,2.0079565178439025
637,637,2020-10-16,226.440002,226.764999,222.75,225.449997,225.449997,423900,2.0034597427827863
638,638,2020-10-19,226.949997,227.054993,221.350006,221.630005,221.630005,450100,2.0172358972784394
639,639,2020-10-20,223.320007,225.27999900000003,220.210007,221.979996,221.979996,479600,1.9984233218924827
640,640,2020-10-21,218.190002,221.770996,213.110001,214.309998,214.309998,885100,2.0357892682169685
641,641,2020-10-22,214.820007,216.830002,210.639999,213.970001,213.970001,532700,2.001588993776749
642,642,2020-10-23,214.0,218.880005,210.589996,214.110001,214.110001,518400,1.9993461304967255
643,643,2020-10-26,212.25999500000003,213.979996,204.610001,208.869995,208.869995,666100,2.025087404248753
644,644,2020-10-27,210.25,212.660004,208.529999,210.550003,210.550003,480800,1.9920208597669788
645,645,2020-10-28,206.589996,207.580002,203.029999,204.380005,204.380005,773200,2.0301888533567656
646,646,2020-10-29,204.330002,205.710007,201.320007,203.160004,203.160004,609300,2.006005123921931
647,647,2020-10-30,210.0,212.690002,200.350006,208.899994,208.899994,1661300,1.9725227852328229
648,648,2020-11-02,210.0,218.809998,207.707993,216.119995,216.119995,1700900,1.966592628322058
649,649,2020-11-03,243.119995,259.01001,239.244995,249.490005,249.490005,3829700,1.8662471067728745
650,650,2020-11-04,248.5,258.459991,248.00999500000003,254.440002,254.440002,1115500,1.9805455236555138
651,651,2020-11-05,256.23999,258.859985,253.02999900000003,257.0,257.0,979400,1.9900389182879377
652,652,2020-11-06,255.839996,263.559998,254.589996,263.0,263.0,881700,1.9771863117870723
653,653,2020-11-09,265.799988,270.51001,261.459991,261.679993,261.679993,909400,2.005044355836558
654,654,2020-11-10,257.899994,260.924011,255.669998,257.399994,257.399994,739600,2.0166278131304076
655,655,2020-11-11,259.0,266.470001,257.75,265.209991,265.209991,555400,1.9705516486367969
656,656,2020-11-12,263.730011,269.23999,262.61499,267.089996,267.089996,491900,1.992961155310362
657,657,2020-11-13,271.119995,274.320007,267.149994,273.859985,273.859985,603800,1.9752793786211593
658,658,2020-11-16,275.0,276.190002,270.149994,273.26001,273.26001,646500,2.002195619476117
659,659,2020-11-17,272.100006,278.040009,271.75,277.77999900000003,277.77999900000003,658200,1.9837281697160636
660,660,2020-11-18,278.869995,280.350006,271.809998,272.02999900000003,272.02999900000003,590100,2.0211373746319796
661,661,2020-11-19,271.880005,273.070007,269.059998,272.869995,272.869995,391800,1.9969216256261524
662,662,2020-11-20,273.0,274.100006,268.230011,268.5,268.5,517500,2.0162755865921786
663,663,2020-11-23,266.970001,270.950012,265.01001,268.459991,268.459991,480500,2.0001490315180708
664,664,2020-11-24,270.459991,273.190002,268.440002,272.309998,272.309998,526500,1.9858616759271541
665,665,2020-11-25,273.200012,274.720001,270.01001,270.549988,270.549988,317800,2.006505304298886
666,666,2020-11-27,272.100006,273.725006,268.380005,272.559998,272.559998,275300,1.9926254402159187
667,667,2020-11-30,272.480011,274.890015,267.380005,270.700012,270.700012,746800,2.0068710229684066
668,668,2020-12-01,270.0,273.720001,268.48999,273.0,273.0,463800,1.9915751355311355
669,669,2020-12-02,271.0,272.850006,269.609985,271.579987,271.579987,413700,2.005228710022731
670,670,2020-12-03,270.51001,272.459991,269.01001,269.690002,269.690002,379000,2.0070079906039675
671,671,2020-12-04,269.839996,271.910004,268.519989,270.109985,270.109985,408800,1.998445140782189
672,672,2020-12-07,270.890015,275.730011,269.450012,275.609985,275.609985,619000,1.980044264361467
673,673,2020-12-08,277.950012,289.0,277.570007,283.700012,283.700012,1139500,1.9714838679668438
674,674,2020-12-09,283.290009,284.540009,276.589996,277.589996,277.589996,440900,2.0220109373105792
675,675,2020-12-10,276.269989,278.309998,274.019989,276.369995,276.369995,471000,2.0044143757356867
676,676,2020-12-11,276.27999900000003,281.0,275.160004,277.339996,277.339996,610500,1.9965024842648371
677,677,2020-12-14,277.73999,283.470001,274.220001,274.480011,274.480011,513000,2.0104196476442144
678,678,2020-12-15,277.230011,280.299988,276.714996,279.589996,279.589996,614200,1.9817232909864202
679,679,2020-12-16,285.549988,293.5,284.269989,285.700012,285.700012,1013600,1.9786138755919964
680,680,2020-12-17,285.790009,287.399994,282.0,285.369995,285.369995,574000,2.0011564530461587
681,681,2020-12-18,287.589996,290.980011,284.690002,287.720001,287.720001,1258200,1.9918323161690799
682,682,2020-12-21,283.359985,287.440002,279.410004,287.26001,287.26001,504000,2.001601305381839
683,683,2020-12-22,287.109985,292.119995,286.975006,290.820007,290.820007,655100,1.987758761727834
684,684,2020-12-23,290.109985,292.410004,286.390015,286.48999,286.48999,336000,2.0151140254498943
685,685,2020-12-24,288.690002,289.380005,285.970001,288.839996,288.839996,101800,1.9918639868697408
686,686,2020-12-28,292.220001,293.7799990000001,290.609985,290.940002,290.940002,456700,1.9927819963375129
687,687,2020-12-29,291.790009,292.5,286.700012,287.5,287.5,261400,2.011965224347826
688,688,2020-12-30,289.299988,292.7799990000001,288.049988,288.959991,288.959991,333400,1.9949474285524875
689,689,2020-12-31,290.0,290.850006,287.619995,290.570007,290.570007,310400,1.994459111535211
